Product ID,Category,Sub-Category,Product Name,Product ID No.
FUR-BO-10001798,Furniture,Bookcases,Bush Somerset Collection Bookcase,10001798
FUR-CH-10000454,Furniture,Chairs,"Hon Deluxe Fabric Upholstered Stacking Chairs, Rounded Back",10000454
OFF-LA-10000240,Office Supplies,Labels,Self-Adhesive Address Labels for Typewriters by Universal,10000240
FUR-TA-10000577,Furniture,Tables,Bretford CR4500 Series Slim Rectangular Table,10000577
OFF-ST-10000760,Office Supplies,Storage,Eldon Fold 'N Roll Cart System,10000760
FUR-FU-10001487,Furniture,Furnishings,"Eldon Expressions Wood and Plastic Desk Accessories, Cherry Wood",10001487
OFF-AR-10002833,Office Supplies,Art,Newell 322,10002833
TEC-PH-10002275,Technology,Phones,Mitel 5320 IP Phone VoIP phone,10002275
OFF-BI-10003910,Office Supplies,Binders,DXL Angle-View Binders with Locking Rings by Samsill,10003910
OFF-AP-10002892,Office Supplies,Appliances,Belkin F5C206VTEL 6 Outlet Surge,10002892
FUR-TA-10001539,Furniture,Tables,Chromcraft Rectangular Conference Tables,10001539
TEC-PH-10002033,Technology,Phones,Konftel 250 Conference phone - Charcoal black,10002033
OFF-PA-10002365,Office Supplies,Paper,Xerox 1967,10002365
OFF-BI-10003656,Office Supplies,Binders,Fellowes PB200 Plastic Comb Binding Machine,10003656
OFF-AP-10002311,Office Supplies,Appliances,"Holmes Replacement Filter for HEPA Air Cleaner, Very Large Room, HEPA Filter",10002311
OFF-BI-10000756,Office Supplies,Binders,Storex DuraTech Recycled Plastic Frosted Binders,10000756
OFF-ST-10004186,Office Supplies,Storage,"Stur-D-Stor Shelving, Vertical 5-Shelf: 72""H x 36""W x 18 1/2""D",10004186
OFF-ST-10000107,Office Supplies,Storage,Fellowes Super Stor/Drawer,10000107
OFF-AR-10003056,Office Supplies,Art,Newell 341,10003056
TEC-PH-10001949,Technology,Phones,Cisco SPA 501G IP Phone,10001949
OFF-BI-10002215,Office Supplies,Binders,"Wilson Jones Hanging View Binder, White, 1""",10002215
OFF-AR-10000246,Office Supplies,Art,Newell 318,10000246
OFF-AP-10001492,Office Supplies,Appliances,"Acco Six-Outlet Power Strip, 4' Cord Length",10001492
FUR-CH-10002774,Furniture,Chairs,"Global Deluxe Stacking Chair, Gray",10002774
OFF-BI-10001634,Office Supplies,Binders,Wilson Jones Active Use Binders,10001634
TEC-AC-10003027,Technology,Accessories,Imation 8GB Mini TravelDrive USB 2.0 Flash Drive,10003027
FUR-BO-10004834,Furniture,Bookcases,"Riverside Palais Royal Lawyers Bookcase, Royale Cherry Finish",10004834
OFF-BI-10000474,Office Supplies,Binders,Avery Recycled Flexi-View Covers for Binding Systems,10000474
FUR-FU-10004848,Furniture,Furnishings,"Howard Miller 13-3/4"" Diameter Brushed Chrome Round Wall Clock",10004848
OFF-EN-10001509,Office Supplies,Envelopes,Poly String Tie Envelopes,10001509
OFF-AR-10004042,Office Supplies,Art,"BOSTON Model 1800 Electric Pencil Sharpeners, Putty/Woodgrain",10004042
OFF-BI-10001525,Office Supplies,Binders,"Acco Pressboard Covers with Storage Hooks, 14 7/8"" x 11"", Executive Red",10001525
OFF-AR-10001683,Office Supplies,Art,Lumber Crayons,10001683
OFF-PA-10000249,Office Supplies,Paper,Easy-staple paper,10000249
TEC-PH-10004977,Technology,Phones,GE 30524EE4,10004977
FUR-FU-10003664,Furniture,Furnishings,"Electrix Architect's Clamp-On Swing Arm Lamp, Black",10003664
OFF-EN-10002986,Office Supplies,Envelopes,"#10-4 1/8"" x 9 1/2"" Premium Diagonal Seam Envelopes",10002986
FUR-BO-10002545,Furniture,Bookcases,"Atlantic Metals Mobile 3-Shelf Bookcases, Custom Colors",10002545
FUR-CH-10004218,Furniture,Chairs,"Global Fabric Manager's Chair, Dark Gray",10004218
TEC-PH-10000486,Technology,Phones,Plantronics HL10 Handset Lifter,10000486
TEC-PH-10004093,Technology,Phones,Panasonic Kx-TS550,10004093
OFF-ST-10003479,Office Supplies,Storage,"Eldon Base for stackable storage shelf, platinum",10003479
OFF-ST-10003282,Office Supplies,Storage,"Advantus 10-Drawer Portable Organizer, Chrome Metal Frame, Smoke Drawers",10003282
TEC-AC-10000171,Technology,Accessories,"Verbatim 25 GB 6x Blu-ray Single Layer Recordable Disc, 25/Pack",10000171
OFF-BI-10003291,Office Supplies,Binders,Wilson Jones Leather-Like Binders with DublLock Round Rings,10003291
OFF-ST-10001713,Office Supplies,Storage,"Gould Plastics 9-Pocket Panel Bin, 18-3/8w x 5-1/4d x 20-1/2h, Black",10001713
TEC-AC-10002167,Technology,Accessories,Imation 8gb Micro Traveldrive Usb 2.0 Flash Drive,10002167
TEC-PH-10003988,Technology,Phones,"LF Elite 3D Dazzle Designer Hard Case Cover, Lf Stylus Pen and Wiper For Apple Iphone 5c Mini Lite",10003988
OFF-BI-10004410,Office Supplies,Binders,"C-Line Peel & Stick Add-On Filing Pockets, 8-3/4 x 5-1/8, 10/Pack",10004410
OFF-LA-10002762,Office Supplies,Labels,Avery 485,10002762
FUR-FU-10001706,Furniture,Furnishings,Longer-Life Soft White Bulbs,10001706
FUR-CH-10003061,Furniture,Chairs,"Global Leather Task Chair, Black",10003061
OFF-FA-10000304,Office Supplies,Fasteners,Advantus Push Pins,10000304
TEC-PH-10002447,Technology,Phones,AT&T CL83451 4-Handset Telephone,10002447
OFF-ST-10000604,Office Supplies,Storage,Home/Office Personal File Carts,10000604
OFF-PA-10001569,Office Supplies,Paper,Xerox 232,10001569
FUR-CH-10003968,Furniture,Chairs,Novimex Turbo Task Chair,10003968
OFF-PA-10000587,Office Supplies,Paper,"Array Parchment Paper, Assorted Colors",10000587
OFF-BI-10001460,Office Supplies,Binders,Plastic Binding Combs,10001460
OFF-AR-10001868,Office Supplies,Art,Prang Dustless Chalk Sticks,10001868
TEC-AC-10004633,Technology,Accessories,"Verbatim 25 GB 6x Blu-ray Single Layer Recordable Disc, 3/Pack",10004633
OFF-BI-10001078,Office Supplies,Binders,"Acco PRESSTEX Data Binder with Storage Hooks, Dark Blue, 14 7/8"" X 11""",10001078
OFF-PA-10003892,Office Supplies,Paper,Xerox 1943,10003892
FUR-FU-10000397,Furniture,Furnishings,Luxo Economy Swing Arm Lamp,10000397
FUR-CH-10001146,Furniture,Chairs,"Global Value Mid-Back Manager's Chair, Gray",10001146
OFF-AR-10002671,Office Supplies,Art,"Hunt BOSTON Model 1606 High-Volume Electric Pencil Sharpener, Beige",10002671
TEC-PH-10002726,Technology,Phones,netTALK DUO VoIP Telephone Service,10002726
OFF-PA-10000482,Office Supplies,Paper,"Snap-A-Way Black Print Carbonless Ruled Speed Letter, Triplicate",10000482
OFF-BI-10004654,Office Supplies,Binders,Avery Binding System Hidden Tab Executive Style Index Sets,10004654
OFF-PA-10004675,Office Supplies,Paper,"Telephone Message Books with Fax/Mobile Section, 5 1/2"" x 3 3/16""",10004675
FUR-CH-10000513,Furniture,Chairs,High-Back Leather Manager's Chair,10000513
FUR-FU-10003708,Furniture,Furnishings,"Tenex Traditional Chairmats for Medium Pile Carpet, Standard Lip, 36"" x 48""",10003708
OFF-ST-10004123,Office Supplies,Storage,Safco Industrial Wire Shelving System,10004123
OFF-BI-10004182,Office Supplies,Binders,Economy Binders,10004182
FUR-FU-10000260,Furniture,Furnishings,"6"" Cubicle Wall Clock, Black",10000260
OFF-ST-10000615,Office Supplies,Storage,"SimpliFile Personal File, Black Granite, 15w x 6-15/16d x 11-1/4h",10000615
FUR-FU-10003194,Furniture,Furnishings,"Eldon Expressions Desk Accessory, Wood Pencil Holder, Oak",10003194
OFF-AP-10002118,Office Supplies,Appliances,"1.7 Cubic Foot Compact ""Cube"" Office Refrigerators",10002118
OFF-BI-10002309,Office Supplies,Binders,Avery Heavy-Duty EZD  Binder With Locking Rings,10002309
OFF-AR-10002053,Office Supplies,Art,"Premium Writing Pencils, Soft, #2 by Central Association for the Blind",10002053
OFF-ST-10002370,Office Supplies,Storage,"Sortfiler Multipurpose Personal File Organizer, Black",10002370
OFF-EN-10000927,Office Supplies,Envelopes,Jet-Pak Recycled Peel 'N' Seal Padded Mailers,10000927
OFF-ST-10003656,Office Supplies,Storage,Safco Industrial Wire Shelving,10003656
FUR-CH-10000863,Furniture,Chairs,Novimex Swivel Fabric Task Chair,10000863
TEC-AC-10001998,Technology,Accessories,Logitech LS21 Speaker System - PC Multimedia - 2.1-CH - Wired,10001998
OFF-ST-10003442,Office Supplies,Storage,Eldon Portable Mobile Manager,10003442
OFF-AR-10004930,Office Supplies,Art,Turquoise Lead Holder with Pocket Clip,10004930
OFF-PA-10000304,Office Supplies,Paper,Xerox 1995,10000304
OFF-PA-10003177,Office Supplies,Paper,Xerox 1999,10003177
FUR-FU-10003799,Furniture,Furnishings,"Seth Thomas 13 1/2"" Wall Clock",10003799
OFF-BI-10002852,Office Supplies,Binders,Ibico Standard Transparent Covers,10002852
OFF-BI-10004738,Office Supplies,Binders,Flexible Leather- Look Classic Collection Ring Binder,10004738
FUR-FU-10000629,Furniture,Furnishings,9-3/4 Diameter Round Wall Clock,10000629
OFF-BI-10001721,Office Supplies,Binders,Trimflex Flexible Post Binders,10001721
OFF-PA-10003256,Office Supplies,Paper,Avery Personal Creations Heavyweight Cards,10003256
TEC-AC-10001767,Technology,Accessories,SanDisk Ultra 64 GB MicroSDHC Class 10 Memory Card,10001767
OFF-BI-10002609,Office Supplies,Binders,Avery Hidden Tab Dividers for Binding Systems,10002609
OFF-PA-10004040,Office Supplies,Paper,Universal Premium White Copier/Laser Paper (20Lb. and 87 Bright),10004040
TEC-AC-10001552,Technology,Accessories,Logitech K350 2.4Ghz Wireless Keyboard,10001552
FUR-FU-10004006,Furniture,Furnishings,"Deflect-o DuraMat Lighweight, Studded, Beveled Mat for Low Pile Carpeting",10004006
OFF-BI-10002794,Office Supplies,Binders,"Avery Trapezoid Ring Binder, 3"" Capacity, Black, 1040 sheets",10002794
TEC-AC-10003499,Technology,Accessories,Memorex Mini Travel Drive 8 GB USB 2.0 Flash Drive,10003499
TEC-PH-10002844,Technology,Phones,Speck Products Candyshell Flip Case,10002844
OFF-AR-10000390,Office Supplies,Art,Newell Chalk Holder,10000390
TEC-AC-10000844,Technology,Accessories,Logitech Gaming G510s - Keyboard,10000844
FUR-FU-10001934,Furniture,Furnishings,Magnifier Swing Arm Lamp,10001934
OFF-AR-10000380,Office Supplies,Art,"Hunt PowerHouse Electric Pencil Sharpener, Blue",10000380
OFF-FA-10000621,Office Supplies,Fasteners,"OIC Colored Binder Clips, Assorted Sizes",10000621
OFF-EN-10002600,Office Supplies,Envelopes,"Redi-Strip #10 Envelopes, 4 1/8 x 9 1/2",10002600
OFF-PA-10004965,Office Supplies,Paper,Xerox 1921,10004965
OFF-EN-10002504,Office Supplies,Envelopes,"Tyvek  Top-Opening Peel & Seel Envelopes, Plain White",10002504
FUR-TA-10001768,Furniture,Tables,Hon Racetrack Conference Tables,10001768
OFF-BI-10003650,Office Supplies,Binders,GBC DocuBind 300 Electric Binding Machine,10003650
FUR-FU-10002157,Furniture,Furnishings,Artistic Insta-Plaque,10002157
OFF-ST-10000777,Office Supplies,Storage,"Companion Letter/Legal File, Black",10000777
OFF-EN-10002500,Office Supplies,Envelopes,Globe Weis Peel & Seel First Class Envelopes,10002500
TEC-PH-10003875,Technology,Phones,KLD Oscar II Style Snap-on Ultra Thin Side Flip Synthetic Leather Cover Case for HTC One HTC M7,10003875
FUR-CH-10004063,Furniture,Chairs,Global Deluxe High-Back Manager's Chair,10004063
FUR-TA-10004534,Furniture,Tables,Bevis 44 x 96 Conference Tables,10004534
OFF-BI-10003274,Office Supplies,Binders,"Avery Durable Slant Ring Binders, No Labels",10003274
OFF-ST-10002974,Office Supplies,Storage,"Trav-L-File Heavy-Duty Shuttle II, Black",10002974
FUR-FU-10003773,Furniture,Furnishings,Eldon Cleatmat Plus Chair Mats for High Pile Carpets,10003773
TEC-PH-10002293,Technology,Phones,Anker 36W 4-Port USB Wall Charger Travel Power Adapter for iPhone 5s 5c 5,10002293
OFF-PA-10002377,Office Supplies,Paper,Xerox 1916,10002377
OFF-FA-10002780,Office Supplies,Fasteners,Staples,10002780
OFF-PA-10001804,Office Supplies,Paper,Xerox 195,10001804
OFF-PA-10001736,Office Supplies,Paper,Xerox 1880,10001736
OFF-AR-10001149,Office Supplies,Art,"Sanford Colorific Colored Pencils, 12/Box",10001149
OFF-FA-10002988,Office Supplies,Fasteners,Ideal Clamps,10002988
OFF-BI-10004781,Office Supplies,Binders,GBC Wire Binding Strips,10004781
OFF-SU-10001218,Office Supplies,Supplies,Fiskars Softgrip Scissors,10001218
OFF-AR-10000940,Office Supplies,Art,Newell 343,10000940
OFF-EN-10004030,Office Supplies,Envelopes,Convenience Packs of Business Envelopes,10004030
OFF-PA-10004327,Office Supplies,Paper,Xerox 1911,10004327
OFF-AP-10001058,Office Supplies,Appliances,Sanyo 2.5 Cubic Foot Mid-Size Office Refrigerators,10001058
FUR-FU-10000521,Furniture,Furnishings,"Seth Thomas 14"" Putty-Colored Wall Clock",10000521
TEC-PH-10000215,Technology,Phones,Plantronics Cordless Phone Headset with In-line Volume - M214C,10000215
TEC-PH-10001448,Technology,Phones,Anker Astro 15000mAh USB Portable Charger,10001448
OFF-BI-10002735,Office Supplies,Binders,GBC Prestige Therm-A-Bind Covers,10002735
OFF-AP-10000326,Office Supplies,Appliances,Belkin 7 Outlet SurgeMaster Surge Protector with Phone Protection,10000326
TEC-PH-10001254,Technology,Phones,Jabra BIZ 2300 Duo QD Duo Corded Headset,10001254
OFF-PA-10001950,Office Supplies,Paper,Southworth 25% Cotton Antique Laid Paper & Envelopes,10001950
OFF-PA-10002254,Office Supplies,Paper,Xerox 1883,10002254
OFF-ST-10001590,Office Supplies,Storage,"Tenex Personal Project File with Scoop Front Design, Black",10001590
OFF-AR-10001547,Office Supplies,Art,Newell 311,10001547
TEC-PH-10004536,Technology,Phones,Avaya 5420 Digital phone,10004536
OFF-PA-10002751,Office Supplies,Paper,Xerox 1920,10002751
TEC-AC-10003657,Technology,Accessories,Lenovo 17-Key USB Numeric Keypad,10003657
OFF-EN-10001990,Office Supplies,Envelopes,Staple envelope,10001990
OFF-BI-10004002,Office Supplies,Binders,Wilson Jones International Size A4 Ring Binders,10004002
OFF-AR-10004441,Office Supplies,Art,BIC Brite Liner Highlighters,10004441
TEC-MA-10000822,Technology,Machines,Lexmark MX611dhe Monochrome Laser Printer,10000822
OFF-ST-10000991,Office Supplies,Storage,Space Solutions HD Industrial Steel Shelving.,10000991
FUR-CH-10004287,Furniture,Chairs,SAFCO Arco Folding Chair,10004287
OFF-AR-10002656,Office Supplies,Art,Sanford Liquid Accent Highlighters,10002656
OFF-AP-10002518,Office Supplies,Appliances,Kensington 7 Outlet MasterPiece Power Center,10002518
TEC-PH-10003931,Technology,Phones,JBL Micro Wireless Portable Bluetooth Speaker,10003931
OFF-PA-10000659,Office Supplies,Paper,"Adams Phone Message Book, Professional, 400 Message Capacity, 5 3/6” x 11”",10000659
OFF-PA-10001144,Office Supplies,Paper,Xerox 1913,10001144
FUR-CH-10003817,Furniture,Chairs,"Global Value Steno Chair, Gray",10003817
OFF-AP-10000891,Office Supplies,Appliances,Kensington 7 Outlet MasterPiece HOMEOFFICE Power Control Center,10000891
OFF-LA-10003148,Office Supplies,Labels,Avery 51,10003148
OFF-AP-10002684,Office Supplies,Appliances,"Acco 7-Outlet Masterpiece Power Center, Wihtout Fax/Phone Line Protection",10002684
FUR-CH-10004698,Furniture,Chairs,"Padded Folding Chairs, Black, 4/Carton",10004698
OFF-SU-10002189,Office Supplies,Supplies,Acme Rosewood Handle Letter Opener,10002189
OFF-AR-10001940,Office Supplies,Art,"Sanford Colorific Eraseable Coloring Pencils, 12 Count",10001940
OFF-ST-10003455,Office Supplies,Storage,"Tenex File Box, Personal Filing Tote with Lid, Black",10003455
TEC-AC-10004659,Technology,Accessories,Imation Secure+ Hardware Encrypted USB 2.0 Flash Drive; 16GB,10004659
TEC-PH-10003273,Technology,Phones,AT&T TR1909W,10003273
TEC-PH-10004896,Technology,Phones,Nokia Lumia 521 (T-Mobile),10004896
TEC-AC-10002345,Technology,Accessories,HP Standard 104 key PS/2 Keyboard,10002345
OFF-BI-10001890,Office Supplies,Binders,Avery Poly Binder Pockets,10001890
TEC-AC-10002323,Technology,Accessories,SanDisk Ultra 32 GB MicroSDHC Class 10 Memory Card,10002323
OFF-ST-10001328,Office Supplies,Storage,"Personal Filing Tote with Lid, Black/Gray",10001328
FUR-BO-10002613,Furniture,Bookcases,"Atlantic Metals Mobile 4-Shelf Bookcases, Custom Colors",10002613
TEC-PH-10001552,Technology,Phones,I Need's 3d Hello Kitty Hybrid Silicone Case Cover for HTC One X 4g with 3d Hello Kitty Stylus Pen Green/pink,10001552
OFF-PA-10000061,Office Supplies,Paper,Xerox 205,10000061
OFF-AR-10003514,Office Supplies,Art,4009 Highlighters by Sanford,10003514
OFF-AR-10004685,Office Supplies,Art,"Binney & Smith Crayola Metallic Colored Pencils, 8-Color Set",10004685
OFF-AR-10004027,Office Supplies,Art,"Binney & Smith inkTank Erasable Desk Highlighter, Chisel Tip, Yellow, 12/Box",10004027
OFF-ST-10001414,Office Supplies,Storage,Decoflex Hanging Personal Folder File,10001414
OFF-BI-10000343,Office Supplies,Binders,"Pressboard Covers with Storage Hooks, 9 1/2"" x 11"", Light Blue",10000343
OFF-PA-10002749,Office Supplies,Paper,"Wirebound Message Books, 5-1/2 x 4 Forms, 2 or 4 Forms per Page",10002749
OFF-PA-10002666,Office Supplies,Paper,Southworth 25% Cotton Linen-Finish Paper & Envelopes,10002666
FUR-TA-10004289,Furniture,Tables,BoxOffice By Design Rectangular and Half-Moon Meeting Room Tables,10004289
OFF-AP-10003622,Office Supplies,Appliances,"Bravo II Megaboss 12-Amp Hard Body Upright, Replacement Belts, 2 Belts per Pack",10003622
OFF-AP-10003217,Office Supplies,Appliances,Eureka Sanitaire  Commercial Upright,10003217
FUR-FU-10002960,Furniture,Furnishings,"Eldon 200 Class Desk Accessories, Burgundy",10002960
TEC-PH-10001918,Technology,Phones,Nortel Business Series Terminal T7208 Digital phone,10001918
OFF-ST-10000642,Office Supplies,Storage,"Tennsco Lockers, Gray",10000642
TEC-PH-10001700,Technology,Phones,Panasonic KX-TG6844B Expandable Digital Cordless Telephone,10001700
OFF-FA-10000134,Office Supplies,Fasteners,"Advantus Push Pins, Aluminum Head",10000134
OFF-ST-10001522,Office Supplies,Storage,"Gould Plastics 18-Pocket Panel Bin, 34w x 5-1/4d x 20-1/2h",10001522
TEC-AC-10001266,Technology,Accessories,Memorex Micro Travel Drive 8 GB,10001266
OFF-LA-10004544,Office Supplies,Labels,Avery 505,10004544
FUR-BO-10004695,Furniture,Bookcases,O'Sullivan 2-Door Barrister Bookcase in Odessa Pine,10004695
TEC-MA-10000864,Technology,Machines,Cisco 9971 IP Video Phone Charcoal,10000864
TEC-AC-10000109,Technology,Accessories,Sony Micro Vault Click 16 GB USB 2.0 Flash Drive,10000109
TEC-PH-10002563,Technology,Phones,Adtran 1202752G1,10002563
OFF-FA-10000585,Office Supplies,Fasteners,OIC Bulk Pack Metal Binder Clips,10000585
OFF-PA-10004000,Office Supplies,Paper,"While You Were Out Pads, 50 per Pad, 4 x 5 1/4, Green Cycle",10004000
FUR-FU-10000087,Furniture,Furnishings,"Executive Impressions 14"" Two-Color Numerals Wall Clock",10000087
TEC-MA-10001148,Technology,Machines,Swingline SM12-08 MicroCut Jam Free Shredder,10001148
OFF-AR-10001958,Office Supplies,Art,Stanley Bostitch Contemporary Electric Pencil Sharpeners,10001958
OFF-AR-10001026,Office Supplies,Art,"Sanford Uni-Blazer View Highlighters, Chisel Tip, Yellow",10001026
FUR-TA-10003748,Furniture,Tables,Bevis 36 x 72 Conference Tables,10003748
OFF-ST-10002485,Office Supplies,Storage,Rogers Deluxe File Chest,10002485
FUR-CH-10004860,Furniture,Chairs,Global Low Back Tilter Chair,10004860
FUR-CH-10004477,Furniture,Chairs,"Global Push Button Manager's Chair, Indigo",10004477
OFF-BI-10001679,Office Supplies,Binders,GBC Instant Index System for Binding Systems,10001679
FUR-TA-10001705,Furniture,Tables,Bush Advantage Collection Round Conference Table,10001705
FUR-TA-10003473,Furniture,Tables,Bretford Rectangular Conference Table Tops,10003473
FUR-FU-10004017,Furniture,Furnishings,"Tenex Contemporary Contur Chairmats for Low and Medium Pile Carpet, Computer, 39"" x 49""",10004017
TEC-AC-10003832,Technology,Accessories,Logitech P710e Mobile Speakerphone,10003832
OFF-PA-10002479,Office Supplies,Paper,Xerox 4200 Series MultiUse Premium Copy Paper (20Lb. and 84 Bright),10002479
OFF-PA-10003349,Office Supplies,Paper,Xerox 1957,10003349
FUR-FU-10000576,Furniture,Furnishings,Luxo Professional Fluorescent Magnifier Lamp with Clamp-Mount Base,10000576
FUR-FU-10004351,Furniture,Furnishings,Staple-based wall hangings,10004351
TEC-PH-10000011,Technology,Phones,PureGear Roll-On Screen Protector,10000011
FUR-TA-10002607,Furniture,Tables,KI Conference Tables,10002607
FUR-FU-10002505,Furniture,Furnishings,Eldon 100 Class Desk Accessories,10002505
OFF-ST-10002276,Office Supplies,Storage,Safco Steel Mobile File Cart,10002276
OFF-PA-10004082,Office Supplies,Paper,"Adams Telephone Message Book w/Frequently-Called Numbers Space, 400 Messages per Book",10004082
OFF-AP-10002945,Office Supplies,Appliances,Honeywell Enviracaire Portable HEPA Air Cleaner for 17' x 22' Room,10002945
FUR-CH-10002965,Furniture,Chairs,"Global Leather Highback Executive Chair with Pneumatic Height Adjustment, Black",10002965
OFF-PA-10004569,Office Supplies,Paper,"Wirebound Message Books, Two 4 1/4"" x 5"" Forms per Page",10004569
OFF-ST-10001228,Office Supplies,Storage,"Fellowes Personal Hanging Folder Files, Navy",10001228
OFF-EN-10003296,Office Supplies,Envelopes,Tyvek Side-Opening Peel & Seel Expanding Envelopes,10003296
OFF-ST-10004804,Office Supplies,Storage,"Belkin 19"" Vented Equipment Shelf, Black",10004804
TEC-PH-10001580,Technology,Phones,Logitech Mobile Speakerphone P710e - speaker phone,10001580
TEC-AC-10000290,Technology,Accessories,Sabrent 4-Port USB 2.0 Hub,10000290
OFF-ST-10002790,Office Supplies,Storage,Safco Industrial Shelving,10002790
OFF-BI-10003460,Office Supplies,Binders,Acco 3-Hole Punch,10003460
OFF-AP-10002203,Office Supplies,Appliances,Eureka Disposable Bags for Sanitaire Vibra Groomer I Upright Vac,10002203
TEC-MA-10003353,Technology,Machines,Xerox WorkCentre 6505DN Laser Multifunction Printer,10003353
TEC-PH-10001433,Technology,Phones,Cisco Small Business SPA 502G VoIP phone,10001433
TEC-AC-10004469,Technology,Accessories,Microsoft Sculpt Comfort Mouse,10004469
OFF-AR-10003602,Office Supplies,Art,"Quartet Omega Colored Chalk, 12/Pack",10003602
OFF-FA-10003472,Office Supplies,Fasteners,Bagged Rubber Bands,10003472
OFF-ST-10004180,Office Supplies,Storage,Safco Commercial Shelving,10004180
OFF-EN-10004386,Office Supplies,Envelopes,"Recycled Interoffice Envelopes with String and Button Closure, 10 x 13",10004386
OFF-ST-10003208,Office Supplies,Storage,Adjustable Depth Letter/Legal Cart,10003208
TEC-AC-10003628,Technology,Accessories,Logitech 910-002974 M325 Wireless Mouse for Web Scrolling,10003628
FUR-FU-10003274,Furniture,Furnishings,Regeneration Desk Collection,10003274
OFF-BI-10002557,Office Supplies,Binders,Presstex Flexible Ring Binders,10002557
OFF-PA-10004470,Office Supplies,Paper,"Adams Write n' Stick Phone Message Book, 11"" X 5 1/4"", 200 Messages",10004470
OFF-ST-10000876,Office Supplies,Storage,Eldon Simplefile Box Office,10000876
OFF-LA-10002043,Office Supplies,Labels,Avery 489,10002043
OFF-BI-10004967,Office Supplies,Binders,Round Ring Binders,10004967
TEC-PH-10001760,Technology,Phones,Bose SoundLink Bluetooth Speaker,10001760
FUR-TA-10002903,Furniture,Tables,"Bevis Round Bullnose 29"" High Table Top",10002903
OFF-PA-10000474,Office Supplies,Paper,Easy-staple paper,10000474
TEC-AC-10001956,Technology,Accessories,Microsoft Arc Touch Mouse,10001956
OFF-PA-10004100,Office Supplies,Paper,Xerox 216,10004100
OFF-BI-10000778,Office Supplies,Binders,GBC VeloBinder Electric Binding Machine,10000778
OFF-SU-10000646,Office Supplies,Supplies,Premier Automatic Letter Opener,10000646
OFF-FA-10002983,Office Supplies,Fasteners,Advantus SlideClip Paper Clips,10002983
OFF-LA-10004689,Office Supplies,Labels,Avery 512,10004689
TEC-AC-10002001,Technology,Accessories,Logitech Wireless Gaming Headset G930,10002001
FUR-BO-10004709,Furniture,Bookcases,"Bush Westfield Collection Bookcases, Medium Cherry Finish",10004709
FUR-FU-10004091,Furniture,Furnishings,"Howard Miller 13"" Diameter Goldtone Round Wall Clock",10004091
FUR-CH-10001891,Furniture,Chairs,Global Deluxe Office Fabric Chairs,10001891
FUR-FU-10002918,Furniture,Furnishings,Eldon ClusterMat Chair Mat with Cordless Antistatic Protection,10002918
OFF-BI-10004593,Office Supplies,Binders,Ibico Laser Imprintable Binding System Covers,10004593
OFF-FA-10004854,Office Supplies,Fasteners,"Vinyl Coated Wire Paper Clips in Organizer Box, 800/Box",10004854
OFF-ST-10002756,Office Supplies,Storage,"Tennsco Stur-D-Stor Boltless Shelving, 5 Shelves, 24"" Deep, Sand",10002756
OFF-PA-10004243,Office Supplies,Paper,Xerox 1939,10004243
FUR-FU-10001861,Furniture,Furnishings,"Floodlight Indoor Halogen Bulbs, 1 Bulb per Pack, 60 Watts",10001861
FUR-TA-10002533,Furniture,Tables,BPI Conference Tables,10002533
FUR-FU-10002671,Furniture,Furnishings,Electrix 20W Halogen Replacement Bulb for Zoom-In Desk Lamp,10002671
OFF-AR-10003651,Office Supplies,Art,Newell 350,10003651
OFF-BI-10001072,Office Supplies,Binders,"GBC Clear Cover, 8-1/2 x 11, unpunched, 25 covers per pack",10001072
OFF-AR-10002135,Office Supplies,Art,Boston Heavy-Duty Trimline Electric Pencil Sharpeners,10002135
OFF-AR-10002804,Office Supplies,Art,Faber Castell Col-Erase Pencils,10002804
FUR-FU-10001918,Furniture,Furnishings,C-Line Cubicle Keepers Polyproplyene Holder With Velcro Backings,10001918
FUR-CH-10004086,Furniture,Chairs,Hon 4070 Series Pagoda Armless Upholstered Stacking Chairs,10004086
FUR-FU-10001756,Furniture,Furnishings,"Eldon Expressions Desk Accessory, Wood Photo Frame, Mahogany",10001756
OFF-LA-10000634,Office Supplies,Labels,Avery 509,10000634
FUR-FU-10001588,Furniture,Furnishings,"Deflect-o SuperTray Unbreakable Stackable Tray, Letter, Black",10001588
TEC-PH-10002398,Technology,Phones,AT&T 1070 Corded Phone,10002398
OFF-AR-10003373,Office Supplies,Art,"Boston School Pro Electric Pencil Sharpener, 1670",10003373
FUR-CH-10002602,Furniture,Chairs,DMI Arturo Collection Mission-style Design Wood Chair,10002602
TEC-MA-10002927,Technology,Machines,Canon imageCLASS MF7460 Monochrome Digital Laser Multifunction Copier,10002927
TEC-AC-10000892,Technology,Accessories,NETGEAR N750 Dual Band Wi-Fi Gigabit Router,10000892
TEC-AC-10001908,Technology,Accessories,Logitech Wireless Headset h800,10001908
FUR-FU-10001967,Furniture,Furnishings,Telescoping Adjustable Floor Lamp,10001967
TEC-PH-10003645,Technology,Phones,Aastra 57i VoIP phone,10003645
OFF-ST-10000675,Office Supplies,Storage,"File Shuttle II and Handi-File, Black",10000675
FUR-CH-10003312,Furniture,Chairs,Hon 2090 “Pillow Soft” Series Mid Back Swivel/Tilt Chairs,10003312
OFF-LA-10001074,Office Supplies,Labels,Round Specialty Laser Printer Labels,10001074
OFF-BI-10001524,Office Supplies,Binders,GBC Premium Transparent Covers with Diagonal Lined Pattern,10001524
OFF-BI-10001153,Office Supplies,Binders,Ibico Recycled Grain-Textured Covers,10001153
OFF-BI-10001982,Office Supplies,Binders,Wilson Jones Custom Binder Spines & Labels,10001982
OFF-BI-10001922,Office Supplies,Binders,Storex Dura Pro Binders,10001922
TEC-CO-10001449,Technology,Copiers,Hewlett Packard LaserJet 3310 Copier,10001449
OFF-BI-10004140,Office Supplies,Binders,Avery Non-Stick Binders,10004140
OFF-BI-10003314,Office Supplies,Binders,Tuff Stuff Recycled Round Ring Binders,10003314
FUR-TA-10004575,Furniture,Tables,Hon 5100 Series Wood Tables,10004575
OFF-FA-10000490,Office Supplies,Fasteners,"OIC Binder Clips, Mini, 1/4"" Capacity, Black",10000490
OFF-AR-10000122,Office Supplies,Art,Newell 314,10000122
TEC-PH-10000702,Technology,Phones,"Square Credit Card Reader, 4 1/2"" x 4 1/2"" x 1"", White",10000702
OFF-BI-10002160,Office Supplies,Binders,Acco Hanging Data Binders,10002160
OFF-PA-10001970,Office Supplies,Paper,Xerox 1881,10001970
OFF-BI-10004995,Office Supplies,Binders,GBC DocuBind P400 Electric Binding System,10004995
FUR-BO-10002268,Furniture,Bookcases,Sauder Barrister Bookcases,10002268
OFF-EN-10001137,Office Supplies,Envelopes,"#10 Gummed Flap White Envelopes, 100/Box",10001137
OFF-AR-10002399,Office Supplies,Art,"Dixon Prang Watercolor Pencils, 10-Color Set with Brush",10002399
OFF-PA-10002713,Office Supplies,Paper,"Adams Phone Message Book, 200 Message Capacity, 8 1/16” x 11”",10002713
OFF-AP-10001124,Office Supplies,Appliances,Belkin 8 Outlet SurgeMaster II Gold Surge Protector with Phone Protection,10001124
OFF-LA-10001158,Office Supplies,Labels,"Avery Address/Shipping Labels for Typewriters, 4"" x 2""",10001158
FUR-CH-10000785,Furniture,Chairs,Global Ergonomic Managers Chair,10000785
OFF-AR-10003732,Office Supplies,Art,Newell 333,10003732
FUR-FU-10000023,Furniture,Furnishings,Eldon Wave Desk Accessories,10000023
OFF-BI-10002412,Office Supplies,Binders,Wilson Jones “Snap” Scratch Pad Binder Tool for Ring Binders,10002412
OFF-SU-10001225,Office Supplies,Supplies,Staple remover,10001225
OFF-ST-10002406,Office Supplies,Storage,Pizazz Global Quick File,10002406
OFF-ST-10002205,Office Supplies,Storage,File Shuttle I and Handi-File,10002205
TEC-AC-10003911,Technology,Accessories,NETGEAR AC1750 Dual Band Gigabit Smart WiFi Router,10003911
OFF-AR-10000658,Office Supplies,Art,Newell 324,10000658
TEC-AC-10002076,Technology,Accessories,Microsoft Natural Keyboard Elite,10002076
FUR-TA-10004915,Furniture,Tables,"Office Impressions End Table, 20-1/2""H x 24""W x 20""D",10004915
OFF-AP-10000696,Office Supplies,Appliances,Holmes Odor Grabber,10000696
OFF-ST-10003327,Office Supplies,Storage,Akro-Mils 12-Gallon Tote,10003327
OFF-BI-10000309,Office Supplies,Binders,"GBC Twin Loop Wire Binding Elements, 9/16"" Spine, Black",10000309
OFF-PA-10004734,Office Supplies,Paper,Southworth Structures Collection,10004734
OFF-BI-10002225,Office Supplies,Binders,"Square Ring Data Binders, Rigid 75 Pt. Covers, 11"" x 14-7/8""",10002225
TEC-AC-10004708,Technology,Accessories,Sony 32GB Class 10 Micro SDHC R40 Memory Card,10004708
FUR-TA-10000617,Furniture,Tables,"Hon Practical Foundations 30 x 60 Training Table, Light Gray/Charcoal",10000617
TEC-AC-10002335,Technology,Accessories,Logitech Media Keyboard K200,10002335
TEC-MA-10001681,Technology,Machines,Lexmark MarkNet N8150 Wireless Print Server,10001681
FUR-FU-10001935,Furniture,Furnishings,3M Hangers With Command Adhesive,10001935
OFF-AR-10004757,Office Supplies,Art,Crayola Colored Pencils,10004757
OFF-BI-10000050,Office Supplies,Binders,"Angle-D Binders with Locking Rings, Label Holders",10000050
TEC-PH-10003012,Technology,Phones,Nortel Meridian M3904 Professional Digital phone,10003012
TEC-CO-10002313,Technology,Copiers,Canon PC1080F Personal Copier,10002313
OFF-BI-10003982,Office Supplies,Binders,Wilson Jones Century Plastic Molded Ring Binders,10003982
OFF-BI-10004492,Office Supplies,Binders,Tuf-Vin Binders,10004492
OFF-ST-10000798,Office Supplies,Storage,2300 Heavy-Duty Transfer File Systems by Perma,10000798
OFF-SU-10002573,Office Supplies,Supplies,"Acme 10"" Easy Grip Assistive Scissors",10002573
OFF-ST-10001580,Office Supplies,Storage,Super Decoflex Portable Personal File,10001580
OFF-ST-10000934,Office Supplies,Storage,"Contico 72""H Heavy-Duty Storage System",10000934
TEC-AC-10000158,Technology,Accessories,Sony 64GB Class 10 Micro SDHC R40 Memory Card,10000158
OFF-PA-10001947,Office Supplies,Paper,Xerox 1974,10001947
OFF-AR-10003478,Office Supplies,Art,"Avery Hi-Liter EverBold Pen Style Fluorescent Highlighters, 4/Pack",10003478
OFF-AP-10004249,Office Supplies,Appliances,Staple holder,10004249
TEC-CO-10004115,Technology,Copiers,Sharp AL-1530CS Digital Copier,10004115
OFF-PA-10003724,Office Supplies,Paper,"Wirebound Message Book, 4 per Page",10003724
FUR-TA-10002041,Furniture,Tables,"Bevis Round Conference Table Top, X-Base",10002041
OFF-PA-10002893,Office Supplies,Paper,"Wirebound Service Call Books, 5 1/2"" x 4""",10002893
OFF-LA-10003766,Office Supplies,Labels,Self-Adhesive Removable Labels,10003766
FUR-BO-10001972,Furniture,Bookcases,O'Sullivan 4-Shelf Bookcase in Odessa Pine,10001972
FUR-CH-10003956,Furniture,Chairs,Novimex High-Tech Fabric Mesh Task Chair,10003956
OFF-PA-10000157,Office Supplies,Paper,Xerox 191,10000157
OFF-AR-10004344,Office Supplies,Art,Bulldog Vacuum Base Pencil Sharpener,10004344
FUR-CH-10004886,Furniture,Chairs,Bevis Steel Folding Chairs,10004886
OFF-PA-10003845,Office Supplies,Paper,Xerox 1987,10003845
OFF-AR-10001573,Office Supplies,Art,American Pencil,10001573
OFF-EN-10000483,Office Supplies,Envelopes,"White Envelopes, White Envelopes with Clear Poly Window",10000483
TEC-AC-10004114,Technology,Accessories,KeyTronic 6101 Series - Keyboard - Black,10004114
FUR-FU-10004712,Furniture,Furnishings,"Westinghouse Mesh Shade Clip-On Gooseneck Lamp, Black",10004712
OFF-ST-10000918,Office Supplies,Storage,Crate-A-Files,10000918
FUR-CH-10000015,Furniture,Chairs,Hon Multipurpose Stacking Arm Chairs,10000015
OFF-BI-10001543,Office Supplies,Binders,GBC VeloBinder Manual Binding System,10001543
TEC-MA-10000029,Technology,Machines,"Epson WorkForce WF-2530 All-in-One Printer, Copier Scanner",10000029
OFF-AR-10000369,Office Supplies,Art,Design Ebony Sketching Pencil,10000369
OFF-BI-10004584,Office Supplies,Binders,GBC ProClick 150 Presentation Binding System,10004584
OFF-ST-10000617,Office Supplies,Storage,Woodgrain Magazine Files by Perma,10000617
OFF-ST-10003306,Office Supplies,Storage,Letter Size Cart,10003306
OFF-BI-10000773,Office Supplies,Binders,Insertable Tab Post Binder Dividers,10000773
TEC-AC-10002600,Technology,Accessories,Belkin QODE FastFit Bluetooth Keyboard,10002600
TEC-MA-10002937,Technology,Machines,"Canon Color ImageCLASS MF8580Cdw Wireless Laser All-In-One Printer, Copier, Scanner",10002937
OFF-PA-10002230,Office Supplies,Paper,Xerox 1897,10002230
FUR-CH-10003396,Furniture,Chairs,Global Deluxe Steno Chair,10003396
FUR-FU-10000246,Furniture,Furnishings,Aluminum Document Frame,10000246
OFF-ST-10000060,Office Supplies,Storage,Fellowes Bankers Box Staxonsteel Drawer File/Stacking System,10000060
OFF-ST-10003058,Office Supplies,Storage,Eldon Mobile Mega Data Cart  Mega Stackable  Add-On Trays,10003058
OFF-PA-10002222,Office Supplies,Paper,"Xerox Color Copier Paper, 11"" x 17"", Ream",10002222
FUR-CH-10002372,Furniture,Chairs,Office Star - Ergonomically Designed Knee Chair,10002372
OFF-LA-10001317,Office Supplies,Labels,Avery 520,10001317
FUR-FU-10000206,Furniture,Furnishings,"GE General Purpose, Extra Long Life, Showcase & Floodlight Incandescent Bulbs",10000206
OFF-AR-10000588,Office Supplies,Art,Newell 345,10000588
OFF-ST-10001469,Office Supplies,Storage,Fellowes Bankers Box Recycled Super Stor/Drawer,10001469
OFF-AR-10001953,Office Supplies,Art,Boston 1645 Deluxe Heavier-Duty Electric Pencil Sharpener,10001953
OFF-AR-10003156,Office Supplies,Art,50 Colored Long Pencils,10003156
TEC-PH-10002365,Technology,Phones,Belkin Grip Candy Sheer Case / Cover for iPhone 5 and 5S,10002365
OFF-ST-10000142,Office Supplies,Storage,Deluxe Rollaway Locking File with Drawer,10000142
TEC-AC-10001772,Technology,Accessories,Memorex Mini Travel Drive 16 GB USB 2.0 Flash Drive,10001772
FUR-CH-10000225,Furniture,Chairs,"Global Geo Office Task Chair, Gray",10000225
FUR-CH-10002331,Furniture,Chairs,Hon 4700 Series Mobuis Mid-Back Task Chairs with Adjustable Arms,10002331
OFF-EN-10001415,Office Supplies,Envelopes,Staple envelope,10001415
OFF-AP-10002472,Office Supplies,Appliances,3M Office Air Cleaner,10002472
TEC-AC-10004571,Technology,Accessories,Logitech G700s Rechargeable Gaming Mouse,10004571
FUR-TA-10001889,Furniture,Tables,Bush Advantage Collection Racetrack Conference Table,10001889
OFF-BI-10000315,Office Supplies,Binders,Poly Designer Cover & Back,10000315
OFF-SU-10003505,Office Supplies,Supplies,Premier Electric Letter Opener,10003505
OFF-AP-10002578,Office Supplies,Appliances,"Fellowes Premier Superior Surge Suppressor, 10-Outlet, With Phone and Remote",10002578
FUR-BO-10002824,Furniture,Bookcases,Bush Mission Pointe Library,10002824
OFF-BI-10002194,Office Supplies,Binders,Cardinal Hold-It CD Pocket,10002194
OFF-PA-10004071,Office Supplies,Paper,"Eaton Premium Continuous-Feed Paper, 25% Cotton, Letter Size, White, 1000 Shts/Box",10004071
OFF-ST-10002743,Office Supplies,Storage,SAFCO Boltless Steel Shelving,10002743
FUR-BO-10001601,Furniture,Bookcases,"Sauder Mission Library with Doors, Fruitwood Finish",10001601
TEC-PH-10002680,Technology,Phones,Samsung Galaxy Note 3,10002680
OFF-ST-10001321,Office Supplies,Storage,"Decoflex Hanging Personal Folder File, Blue",10001321
OFF-PA-10001509,Office Supplies,Paper,"Recycled Desk Saver Line ""While You Were Out"" Book, 5 1/2"" X 4""",10001509
OFF-PA-10003465,Office Supplies,Paper,Xerox 1912,10003465
TEC-PH-10000149,Technology,Phones,Cisco SPA525G2 IP Phone - Wireless,10000149
OFF-AR-10003045,Office Supplies,Art,Prang Colored Pencils,10003045
OFF-ST-10000689,Office Supplies,Storage,"Fellowes Strictly Business Drawer File, Letter/Legal Size",10000689
TEC-AC-10001445,Technology,Accessories,Imation USB 2.0 Swivel Flash Drive USB flash drive - 4 GB - Pink,10001445
TEC-AC-10002567,Technology,Accessories,Logitech G602 Wireless Gaming Mouse,10002567
OFF-LA-10003923,Office Supplies,Labels,Alphabetical Labels for Top Tab Filing,10003923
FUR-BO-10001337,Furniture,Bookcases,O'Sullivan Living Dimensions 2-Shelf Bookcases,10001337
TEC-PH-10001924,Technology,Phones,iHome FM Clock Radio with Lightning Dock,10001924
TEC-PH-10001363,Technology,Phones,Apple iPhone 5S,10001363
TEC-PH-10000376,Technology,Phones,Square Credit Card Reader,10000376
TEC-AC-10000303,Technology,Accessories,Logitech M510 Wireless Mouse,10000303
OFF-ST-10001809,Office Supplies,Storage,Fellowes Officeware Wire Shelving,10001809
OFF-EN-10003845,Office Supplies,Envelopes,Colored Envelopes,10003845
TEC-AC-10000991,Technology,Accessories,Sony Micro Vault Click 8 GB USB 2.0 Flash Drive,10000991
FUR-TA-10001857,Furniture,Tables,Balt Solid Wood Rectangular Table,10001857
OFF-EN-10001434,Office Supplies,Envelopes,"Strathmore #10 Envelopes, Ultimate White",10001434
OFF-BI-10002498,Office Supplies,Binders,Clear Mylar Reinforcing Strips,10002498
FUR-FU-10004864,Furniture,Furnishings,"Howard Miller 14-1/2"" Diameter Chrome Round Wall Clock",10004864
FUR-FU-10000073,Furniture,Furnishings,Deflect-O Glasstique Clear Desk Accessories,10000073
OFF-BI-10001670,Office Supplies,Binders,Vinyl Sectional Post Binders,10001670
OFF-BI-10001658,Office Supplies,Binders,GBC Standard Therm-A-Bind Covers,10001658
FUR-CH-10001215,Furniture,Chairs,Global Troy Executive Leather Low-Back Tilter,10001215
OFF-BI-10000831,Office Supplies,Binders,Storex Flexible Poly Binders with Double Pockets,10000831
OFF-PA-10000357,Office Supplies,Paper,"White Dual Perf Computer Printout Paper, 2700 Sheets, 1 Part, Heavyweight, 20 lbs., 14 7/8 x 11",10000357
OFF-AR-10001662,Office Supplies,Art,Rogers Handheld Barrel Pencil Sharpener,10001662
OFF-AR-10003856,Office Supplies,Art,Newell 344,10003856
OFF-BI-10003527,Office Supplies,Binders,Fellowes PB500 Electric Punch Plastic Comb Binding Machine with Manual Bind,10003527
FUR-FU-10001290,Furniture,Furnishings,Executive Impressions Supervisor Wall Clock,10001290
TEC-AC-10002399,Technology,Accessories,SanDisk Cruzer 32 GB USB Flash Drive,10002399
OFF-AR-10001246,Office Supplies,Art,Newell 317,10001246
TEC-CO-10003236,Technology,Copiers,Canon Image Class D660 Copier,10003236
OFF-ST-10004507,Office Supplies,Storage,Advantus Rolling Storage Box,10004507
OFF-PA-10001667,Office Supplies,Paper,Great White Multi-Use Recycled Paper (20Lb. and 84 Bright),10001667
OFF-ST-10004459,Office Supplies,Storage,Tennsco Single-Tier Lockers,10004459
OFF-BI-10000285,Office Supplies,Binders,XtraLife ClearVue Slant-D Ring Binders by Cardinal,10000285
TEC-PH-10003555,Technology,Phones,Motorola HK250 Universal Bluetooth Headset,10003555
OFF-FA-10002815,Office Supplies,Fasteners,Staples,10002815
FUR-CH-10003379,Furniture,Chairs,Global Commerce Series High-Back Swivel/Tilt Chairs,10003379
OFF-ST-10004963,Office Supplies,Storage,Eldon Gobal File Keepers,10004963
OFF-SU-10002881,Office Supplies,Supplies,Martin Yale Chadless Opener Electric Letter Opener,10002881
OFF-EN-10001335,Office Supplies,Envelopes,"White Business Envelopes with Contemporary Seam, Recycled White Business Envelopes",10001335
FUR-CH-10000595,Furniture,Chairs,Safco Contoured Stacking Chairs,10000595
FUR-FU-10000448,Furniture,Furnishings,Tenex Chairmats For Use With Carpeted Floors,10000448
TEC-PH-10000984,Technology,Phones,Panasonic KX-TG9471B,10000984
OFF-ST-10001325,Office Supplies,Storage,Sterilite Officeware Hinged File Box,10001325
OFF-BI-10002429,Office Supplies,Binders,"Premier Elliptical Ring Binder, Black",10002429
OFF-BI-10004528,Office Supplies,Binders,Cardinal Poly Pocket Divider Pockets for Ring Binders,10004528
OFF-AP-10001271,Office Supplies,Appliances,Eureka The Boss Cordless Rechargeable Stick Vac,10001271
FUR-CH-10002647,Furniture,Chairs,"Situations Contoured Folding Chairs, 4/Set",10002647
TEC-AC-10001432,Technology,Accessories,Enermax Aurora Lite Keyboard,10001432
TEC-PH-10002262,Technology,Phones,LG Electronics Tone+ HBS-730 Bluetooth Headset,10002262
TEC-AC-10001465,Technology,Accessories,SanDisk Cruzer 64 GB USB Flash Drive,10001465
TEC-PH-10002597,Technology,Phones,Xblue XB-1670-86 X16 Small Office Telephone - Titanium,10002597
FUR-FU-10000723,Furniture,Furnishings,"Deflect-o EconoMat Studded, No Bevel Mat for Low Pile Carpeting",10000723
OFF-BI-10000404,Office Supplies,Binders,Avery Printable Repositionable Plastic Tabs,10000404
OFF-PA-10002986,Office Supplies,Paper,Xerox 1898,10002986
OFF-SU-10001935,Office Supplies,Supplies,Staple remover,10001935
FUR-CH-10002024,Furniture,Chairs,HON 5400 Series Task Chairs for Big and Tall,10002024
FUR-FU-10003039,Furniture,Furnishings,"Howard Miller 11-1/2"" Diameter Grantwood Wall Clock",10003039
OFF-FA-10004248,Office Supplies,Fasteners,Advantus T-Pin Paper Clips,10004248
OFF-ST-10001780,Office Supplies,Storage,Tennsco 16-Compartment Lockers with Coat Rack,10001780
OFF-AR-10003560,Office Supplies,Art,Zebra Zazzle Fluorescent Highlighters,10003560
FUR-TA-10004256,Furniture,Tables,Bretford “Just In Time” Height-Adjustable Multi-Task Work Tables,10004256
FUR-FU-10003347,Furniture,Furnishings,Coloredge Poster Frame,10003347
OFF-BI-10000069,Office Supplies,Binders,"GBC Prepunched Paper, 19-Hole, for Binding Systems, 24-lb",10000069
OFF-AP-10003914,Office Supplies,Appliances,"Sanitaire Vibra Groomer IR Commercial Upright Vacuum, Replacement Belts",10003914
FUR-FU-10004020,Furniture,Furnishings,Advantus Panel Wall Acrylic Frame,10004020
OFF-FA-10003467,Office Supplies,Fasteners,"Alliance Big Bands Rubber Bands, 12/Pack",10003467
TEC-PH-10002496,Technology,Phones,Cisco SPA301,10002496
OFF-PA-10004530,Office Supplies,Paper,Personal Creations Ink Jet Cards and Labels,10004530
OFF-BI-10001107,Office Supplies,Binders,"GBC White Gloss Covers, Plain Front",10001107
OFF-PA-10004451,Office Supplies,Paper,Xerox 222,10004451
FUR-CH-10004997,Furniture,Chairs,Hon Every-Day Series Multi-Task Chairs,10004997
OFF-LA-10001297,Office Supplies,Labels,Avery 473,10001297
TEC-PH-10000347,Technology,Phones,Cush Cases Heavy Duty Rugged Cover Case for Samsung Galaxy S5 - Purple,10000347
OFF-PA-10001450,Office Supplies,Paper,Rediform S.O.S. Phone Message Books,10001450
OFF-SU-10001574,Office Supplies,Supplies,Acme Value Line Scissors,10001574
FUR-FU-10001475,Furniture,Furnishings,"Contract Clock, 14"", Brown",10001475
OFF-SU-10004498,Office Supplies,Supplies,Martin-Yale Premier Letter Opener,10004498
TEC-PH-10000586,Technology,Phones,AT&T SB67148 SynJ,10000586
OFF-AP-10000358,Office Supplies,Appliances,Fellowes Basic Home/Office Series Surge Protectors,10000358
OFF-BI-10002764,Office Supplies,Binders,Recycled Pressboard Report Cover with Reinforced Top Hinge,10002764
OFF-LA-10003930,Office Supplies,Labels,"Dot Matrix Printer Tape Reel Labels, White, 5000/Box",10003930
TEC-PH-10003800,Technology,Phones,i.Sound Portable Power - 8000 mAh,10003800
OFF-PA-10002005,Office Supplies,Paper,Xerox 225,10002005
OFF-PA-10004101,Office Supplies,Paper,Xerox 1894,10004101
OFF-AR-10004078,Office Supplies,Art,Newell 312,10004078
OFF-AP-10004708,Office Supplies,Appliances,Fellowes Superior 10 Outlet Split Surge Protector,10004708
FUR-FU-10001979,Furniture,Furnishings,Dana Halogen Swing-Arm Architect Lamp,10001979
OFF-SU-10004115,Office Supplies,Supplies,Acme Stainless Steel Office Snips,10004115
TEC-PH-10001425,Technology,Phones,Mophie Juice Pack Helium for iPhone,10001425
TEC-PH-10003963,Technology,Phones,GE 2-Jack Phone Line Splitter,10003963
OFF-ST-10001490,Office Supplies,Storage,"Hot File 7-Pocket, Floor Stand",10001490
OFF-PA-10002120,Office Supplies,Paper,Xerox 1889,10002120
OFF-BI-10000848,Office Supplies,Binders,Angle-D Ring Binders,10000848
TEC-PH-10003092,Technology,Phones,Motorola L804,10003092
OFF-LA-10004345,Office Supplies,Labels,Avery 493,10004345
OFF-PA-10001204,Office Supplies,Paper,Xerox 1972,10001204
TEC-PH-10004667,Technology,Phones,Cisco 8x8 Inc. 6753i IP Business Phone System,10004667
OFF-BI-10002949,Office Supplies,Binders,Prestige Round Ring Binders,10002949
FUR-FU-10003849,Furniture,Furnishings,"DAX Metal Frame, Desktop, Stepped-Edge",10003849
FUR-FU-10000010,Furniture,Furnishings,"DAX Value U-Channel Document Frames, Easel Back",10000010
OFF-BI-10002824,Office Supplies,Binders,Recycled Easel Ring Binders,10002824
TEC-PH-10002538,Technology,Phones,Grandstream GXP1160 VoIP phone,10002538
OFF-BI-10002103,Office Supplies,Binders,"Cardinal Slant-D Ring Binder, Heavy Gauge Vinyl",10002103
OFF-AP-10000179,Office Supplies,Appliances,Honeywell Enviracaire Portable HEPA Air Cleaner for up to 10 x 16 Room,10000179
OFF-ST-10001272,Office Supplies,Storage,"Mini 13-1/2 Capacity Data Binder Rack, Pearl",10001272
FUR-FU-10000221,Furniture,Furnishings,"Master Caster Door Stop, Brown",10000221
OFF-AP-10001563,Office Supplies,Appliances,Belkin Premiere Surge Master II 8-outlet surge protector,10001563
OFF-BI-10000605,Office Supplies,Binders,"Acco Pressboard Covers with Storage Hooks, 9 1/2"" x 11"", Executive Red",10000605
OFF-PA-10002615,Office Supplies,Paper,"Ampad Gold Fibre Wirebound Steno Books, 6"" x 9"", Gregg Ruled",10002615
OFF-ST-10001963,Office Supplies,Storage,Tennsco Regal Shelving Units,10001963
TEC-AC-10001267,Technology,Accessories,Imation 32GB Pocket Pro USB 3.0 Flash Drive - 32 GB - Black - 1 P ...,10001267
TEC-PH-10002103,Technology,Phones,Jabra SPEAK 410,10002103
TEC-AC-10002857,Technology,Accessories,"Verbatim 25 GB 6x Blu-ray Single Layer Recordable Disc, 1/Pack",10002857
FUR-CH-10001482,Furniture,Chairs,Office Star - Mesh Screen back chair with Vinyl seat,10001482
OFF-BI-10001989,Office Supplies,Binders,Premium Transparent Presentation Covers by GBC,10001989
OFF-AP-10003287,Office Supplies,Appliances,Tripp Lite TLP810NET Broadband Surge for Modem/Fax,10003287
OFF-BI-10004728,Office Supplies,Binders,Wilson Jones Turn Tabs Binder Tool for Ring Binders,10004728
FUR-FU-10000732,Furniture,Furnishings,Eldon 200 Class Desk Accessories,10000732
OFF-ST-10000585,Office Supplies,Storage,Economy Rollaway Files,10000585
OFF-LA-10002787,Office Supplies,Labels,Avery 480,10002787
OFF-AP-10002457,Office Supplies,Appliances,"Eureka The Boss Plus 12-Amp Hard Box Upright Vacuum, Red",10002457
OFF-FA-10003112,Office Supplies,Fasteners,Staples,10003112
OFF-AP-10002350,Office Supplies,Appliances,Belkin F9H710-06 7 Outlet SurgeMaster Surge Protector,10002350
TEC-AC-10001142,Technology,Accessories,First Data FD10 PIN Pad,10001142
TEC-AC-10001101,Technology,Accessories,Sony 16GB Class 10 Micro SDHC R40 Memory Card,10001101
OFF-AP-10002439,Office Supplies,Appliances,Tripp Lite Isotel 8 Ultra 8 Outlet Metal Surge,10002439
OFF-BI-10002827,Office Supplies,Binders,Avery Durable Poly Binders,10002827
OFF-EN-10002230,Office Supplies,Envelopes,Airmail Envelopes,10002230
OFF-ST-10001511,Office Supplies,Storage,Space Solutions Commercial Steel Shelving,10001511
OFF-BI-10003981,Office Supplies,Binders,"Avery Durable Plastic 1"" Binders",10003981
OFF-SU-10004231,Office Supplies,Supplies,Acme Tagit Stainless Steel Antibacterial Scissors,10004231
TEC-PH-10004042,Technology,Phones,ClearOne Communications CHAT 70 OC Speaker Phone,10004042
FUR-FU-10003096,Furniture,Furnishings,"Master Giant Foot Doorstop, Safety Yellow",10003096
FUR-TA-10000688,Furniture,Tables,"Chromcraft Bull-Nose Wood Round Conference Table Top, Wood Base",10000688
OFF-AR-10001954,Office Supplies,Art,Newell 331,10001954
OFF-AP-10004532,Office Supplies,Appliances,Kensington 6 Outlet Guardian Standard Surge Protector,10004532
OFF-PA-10002137,Office Supplies,Paper,"Southworth 100% Résumé Paper, 24lb.",10002137
OFF-AP-10000804,Office Supplies,Appliances,Hoover Portapower Portable Vacuum,10000804
TEC-AC-10003614,Technology,Accessories,"Verbatim 25 GB 6x Blu-ray Single Layer Recordable Disc, 10/Pack",10003614
FUR-FU-10003553,Furniture,Furnishings,"Howard Miller 13-1/2"" Diameter Rosebrook Wall Clock",10003553
OFF-BI-10004632,Office Supplies,Binders,Ibico Hi-Tech Manual Binding System,10004632
OFF-BI-10003305,Office Supplies,Binders,Avery Hanging File Binders,10003305
OFF-ST-10002583,Office Supplies,Storage,Fellowes Neat Ideas Storage Cubes,10002583
TEC-MA-10004125,Technology,Machines,Cubify CubeX 3D Printer Triple Head Print,10004125
FUR-BO-10004015,Furniture,Bookcases,"Bush Andora Bookcase, Maple/Graphite Gray Finish",10004015
FUR-FU-10004071,Furniture,Furnishings,Luxo Professional Magnifying Clamp-On Fluorescent Lamps,10004071
OFF-ST-10002444,Office Supplies,Storage,Recycled Eldon Regeneration Jumbo File,10002444
TEC-AC-10002253,Technology,Accessories,Imation Bio 8GB USB Flash Drive Imation Corp,10002253
OFF-PA-10000743,Office Supplies,Paper,Xerox 1977,10000743
OFF-LA-10002312,Office Supplies,Labels,Avery 490,10002312
OFF-LA-10003510,Office Supplies,Labels,"Avery 4027 File Folder Labels for Dot Matrix Printers, 5000 Labels per Box, White",10003510
OFF-AR-10001118,Office Supplies,Art,"Binney & Smith Crayola Metallic Crayons, 16-Color Pack",10001118
OFF-BI-10001575,Office Supplies,Binders,GBC Linen Binding Covers,10001575
FUR-FU-10003394,Furniture,Furnishings,"Tenex ""The Solids"" Textured Chair Mats",10003394
FUR-TA-10002774,Furniture,Tables,Laminate Occasional Tables,10002774
OFF-AP-10001469,Office Supplies,Appliances,Fellowes 8 Outlet Superior Workstation Surge Protector,10001469
FUR-BO-10003272,Furniture,Bookcases,O'Sullivan Living Dimensions 5-Shelf Bookcases,10003272
OFF-EN-10001219,Office Supplies,Envelopes,"#10- 4 1/8"" x 9 1/2"" Security-Tint Envelopes",10001219
OFF-AP-10001154,Office Supplies,Appliances,Bionaire Personal Warm Mist Humidifier/Vaporizer,10001154
TEC-AC-10001606,Technology,Accessories,Logitech Wireless Performance Mouse MX for PC and Mac,10001606
FUR-FU-10002253,Furniture,Furnishings,"Howard Miller 13"" Diameter Pewter Finish Round Wall Clock",10002253
OFF-PA-10004092,Office Supplies,Paper,Tops Green Bar Computer Printout Paper,10004092
FUR-TA-10000198,Furniture,Tables,Chromcraft Bull-Nose Wood Oval Conference Tables & Bases,10000198
OFF-ST-10000036,Office Supplies,Storage,"Recycled Data-Pak for Archival Bound Computer Printouts, 12-1/2 x 12-1/2 x 16",10000036
FUR-FU-10000222,Furniture,Furnishings,"Seth Thomas 16"" Steel Case Clock",10000222
OFF-SU-10004664,Office Supplies,Supplies,Acme Softgrip Scissors,10004664
OFF-EN-10001141,Office Supplies,Envelopes,"Manila Recycled Extra-Heavyweight Clasp Envelopes, 6"" x 9""",10001141
TEC-PH-10002170,Technology,Phones,ClearSounds CSC500 Amplified Spirit Phone Corded phone,10002170
OFF-PA-10001954,Office Supplies,Paper,Xerox 1964,10001954
FUR-TA-10002228,Furniture,Tables,"Bevis Traditional Conference Table Top, Plinth Base",10002228
OFF-ST-10004634,Office Supplies,Storage,"Personal Folder Holder, Ebony",10004634
TEC-AC-10003610,Technology,Accessories,Logitech Illuminated - Keyboard,10003610
FUR-BO-10001619,Furniture,Bookcases,O'Sullivan Cherrywood Estates Traditional Bookcase,10001619
OFF-BI-10000138,Office Supplies,Binders,Acco Translucent Poly Ring Binders,10000138
TEC-AC-10001383,Technology,Accessories,Logitech Wireless Touch Keyboard K400,10001383
OFF-LA-10003223,Office Supplies,Labels,Avery 508,10003223
OFF-BI-10004094,Office Supplies,Binders,GBC Standard Plastic Binding Systems Combs,10004094
OFF-PA-10004971,Office Supplies,Paper,Xerox 196,10004971
OFF-SU-10004261,Office Supplies,Supplies,"Fiskars 8"" Scissors, 2/Pack",10004261
TEC-PH-10000004,Technology,Phones,Belkin iPhone and iPad Lightning Cable,10000004
OFF-BI-10003638,Office Supplies,Binders,GBC Durable Plastic Covers,10003638
FUR-FU-10003577,Furniture,Furnishings,Nu-Dell Leatherette Frames,10003577
OFF-BI-10000546,Office Supplies,Binders,Avery Durable Binders,10000546
FUR-FU-10002759,Furniture,Furnishings,12-1/2 Diameter Round Wall Clock,10002759
FUR-TA-10001095,Furniture,Tables,Chromcraft Round Conference Tables,10001095
OFF-PA-10003441,Office Supplies,Paper,Xerox 226,10003441
OFF-LA-10004484,Office Supplies,Labels,Avery 476,10004484
OFF-EN-10001532,Office Supplies,Envelopes,Brown Kraft Recycled Envelopes,10001532
TEC-AC-10003174,Technology,Accessories,Plantronics S12 Corded Telephone Headset System,10003174
OFF-BI-10004187,Office Supplies,Binders,3-ring staple pack,10004187
OFF-ST-10000025,Office Supplies,Storage,Fellowes Stor/Drawer Steel Plus Storage Drawers,10000025
FUR-FU-10004306,Furniture,Furnishings,Electrix Halogen Magnifier Lamp,10004306
FUR-CH-10003746,Furniture,Chairs,Hon 4070 Series Pagoda Round Back Stacking Chairs,10003746
OFF-BI-10001036,Office Supplies,Binders,Cardinal EasyOpen D-Ring Binders,10001036
TEC-PH-10004614,Technology,Phones,AT&T 841000 Phone,10004614
OFF-BI-10000301,Office Supplies,Binders,GBC Instant Report Kit,10000301
OFF-AR-10004648,Office Supplies,Art,Boston 19500 Mighty Mite Electric Pencil Sharpener,10004648
FUR-FU-10002597,Furniture,Furnishings,"C-Line Magnetic Cubicle Keepers, Clear Polypropylene",10002597
OFF-AR-10003405,Office Supplies,Art,"Dixon My First Ticonderoga Pencil, #2",10003405
FUR-CH-10002335,Furniture,Chairs,Hon GuestStacker Chair,10002335
OFF-PA-10003657,Office Supplies,Paper,Xerox 1927,10003657
OFF-BI-10001098,Office Supplies,Binders,Acco D-Ring Binder w/DublLock,10001098
FUR-BO-10004409,Furniture,Bookcases,"Safco Value Mate Series Steel Bookcases, Baked Enamel Finish on Steel, Gray",10004409
TEC-AC-10000057,Technology,Accessories,Microsoft Natural Ergonomic Keyboard 4000,10000057
OFF-EN-10000056,Office Supplies,Envelopes,Cameo Buff Policy Envelopes,10000056
OFF-BI-10000014,Office Supplies,Binders,Heavy-Duty E-Z-D Binders,10000014
FUR-CH-10004675,Furniture,Chairs,"Lifetime Advantage Folding Chairs, 4/Carton",10004675
OFF-BI-10001132,Office Supplies,Binders,"Acco PRESSTEX Data Binder with Storage Hooks, Dark Blue, 9 1/2"" X 11""",10001132
FUR-CH-10003199,Furniture,Chairs,Office Star - Contemporary Task Swivel Chair,10003199
TEC-PH-10001530,Technology,Phones,Cisco Unified IP Phone 7945G VoIP phone,10001530
OFF-LA-10001569,Office Supplies,Labels,Avery 499,10001569
OFF-PA-10000176,Office Supplies,Paper,Xerox 1887,10000176
OFF-LA-10002271,Office Supplies,Labels,Smead Alpha-Z Color-Coded Second Alphabetical Labels and Starter Set,10002271
FUR-FU-10004090,Furniture,Furnishings,"Executive Impressions 14"" Contract Wall Clock",10004090
OFF-AP-10000576,Office Supplies,Appliances,Belkin 7 Outlet SurgeMaster II,10000576
OFF-AR-10001897,Office Supplies,Art,Model L Table or Wall-Mount Pencil Sharpener,10001897
TEC-PH-10001795,Technology,Phones,ClearOne CHATAttach 160 - speaker phone,10001795
OFF-AP-10000240,Office Supplies,Appliances,Belkin F9G930V10-GRY 9 Outlet Surge,10000240
TEC-AC-10001838,Technology,Accessories,Razer Tiamat Over Ear 7.1 Surround Sound PC Gaming Headset,10001838
OFF-PA-10003651,Office Supplies,Paper,Xerox 1968,10003651
OFF-BI-10003094,Office Supplies,Binders,Self-Adhesive Ring Binder Labels,10003094
FUR-CH-10001394,Furniture,Chairs,Global Leather Executive Chair,10001394
OFF-BI-10004230,Office Supplies,Binders,GBC Recycled Grain Textured Covers,10004230
OFF-PA-10003395,Office Supplies,Paper,Xerox 1941,10003395
TEC-AC-10002402,Technology,Accessories,Razer Kraken PRO Over Ear PC and Music Headset,10002402
TEC-AC-10003441,Technology,Accessories,Kingston Digital DataTraveler 32GB USB 2.0,10003441
OFF-FA-10002280,Office Supplies,Fasteners,Advantus Plastic Paper Clips,10002280
OFF-SU-10000381,Office Supplies,Supplies,Acme Forged Steel Scissors with Black Enamel Handles,10000381
OFF-EN-10004459,Office Supplies,Envelopes,Security-Tint Envelopes,10004459
OFF-AP-10003884,Office Supplies,Appliances,"Fellowes Smart Surge Ten-Outlet Protector, Platinum",10003884
TEC-PH-10001557,Technology,Phones,Pyle PMP37LED,10001557
TEC-PH-10002085,Technology,Phones,Clarity 53712,10002085
OFF-AR-10002956,Office Supplies,Art,Boston 16801 Nautilus Battery Pencil Sharpener,10002956
OFF-AP-10003266,Office Supplies,Appliances,"Holmes Replacement Filter for HEPA Air Cleaner, Large Room",10003266
TEC-MA-10004002,Technology,Machines,Zebra GX420t Direct Thermal/Thermal Transfer Printer,10004002
OFF-BI-10001071,Office Supplies,Binders,GBC ProClick Punch Binding System,10001071
OFF-PA-10001560,Office Supplies,Paper,"Adams Telephone Message Books, 5 1/4” x 11”",10001560
FUR-BO-10001519,Furniture,Bookcases,O'Sullivan 3-Shelf Heavy-Duty Bookcases,10001519
OFF-BI-10001294,Office Supplies,Binders,Fellowes Binding Cases,10001294
OFF-BI-10001636,Office Supplies,Binders,Ibico Plastic and Wire Spiral Binding Combs,10001636
FUR-FU-10003878,Furniture,Furnishings,"Linden 10"" Round Wall Clock, Black",10003878
TEC-AC-10000710,Technology,Accessories,Maxell DVD-RAM Discs,10000710
OFF-AR-10002335,Office Supplies,Art,DIXON Oriole Pencils,10002335
OFF-PA-10001870,Office Supplies,Paper,Xerox 202,10001870
OFF-PA-10001019,Office Supplies,Paper,Xerox 1884,10001019
OFF-SU-10002537,Office Supplies,Supplies,Acme Box Cutter Scissors,10002537
OFF-ST-10003221,Office Supplies,Storage,Staple magnet,10003221
OFF-AR-10003752,Office Supplies,Art,Deluxe Chalkboard Eraser Cleaner,10003752
TEC-AC-10001714,Technology,Accessories,Logitech MX Performance Wireless Mouse,10001714
OFF-AR-10003958,Office Supplies,Art,Newell 337,10003958
TEC-PH-10002923,Technology,Phones,"Logitech B530 USB Headset - headset - Full size, Binaural",10002923
OFF-LA-10004272,Office Supplies,Labels,Avery 482,10004272
FUR-FU-10000965,Furniture,Furnishings,"Howard Miller 11-1/2"" Diameter Ridgewood Wall Clock",10000965
OFF-LA-10004853,Office Supplies,Labels,Avery 483,10004853
OFF-BI-10003719,Office Supplies,Binders,Large Capacity Hanging Post Binders,10003719
OFF-BI-10000545,Office Supplies,Binders,GBC Ibimaster 500 Manual ProClick Binding System,10000545
OFF-PA-10003591,Office Supplies,Paper,Southworth 100% Cotton The Best Paper,10003591
OFF-PA-10001790,Office Supplies,Paper,Xerox 1910,10001790
TEC-AC-10002049,Technology,Accessories,Logitech G19 Programmable Gaming Keyboard,10002049
OFF-BI-10003712,Office Supplies,Binders,"Acco Pressboard Covers with Storage Hooks, 14 7/8"" x 11"", Light Blue",10003712
OFF-BI-10003984,Office Supplies,Binders,Lock-Up Easel 'Spel-Binder',10003984
OFF-BI-10002071,Office Supplies,Binders,Fellowes Black Plastic Comb Bindings,10002071
OFF-ST-10002486,Office Supplies,Storage,Eldon Shelf Savers Cubes and Bins,10002486
OFF-PA-10001622,Office Supplies,Paper,"Ampad Poly Cover Wirebound Steno Book, 6"" x 9"" Assorted Colors, Gregg Ruled",10001622
TEC-PH-10002660,Technology,Phones,Nortel Networks T7316 E Nt8 B27,10002660
OFF-BI-10003364,Office Supplies,Binders,Binding Machine Supplies,10003364
OFF-EN-10001099,Office Supplies,Envelopes,Staple envelope,10001099
OFF-PA-10002250,Office Supplies,Paper,Things To Do Today Pad,10002250
OFF-BI-10004716,Office Supplies,Binders,Wilson Jones Hanging Recycled Pressboard Data Binders,10004716
OFF-LA-10001045,Office Supplies,Labels,Permanent Self-Adhesive File Folder Labels for Typewriters by Universal,10001045
OFF-BI-10001510,Office Supplies,Binders,Deluxe Heavy-Duty Vinyl Round Ring Binder,10001510
FUR-BO-10003441,Furniture,Bookcases,"Bush Westfield Collection Bookcases, Fully Assembled",10003441
TEC-PH-10004774,Technology,Phones,Gear Head AU3700S Headset,10004774
OFF-BI-10003684,Office Supplies,Binders,Wilson Jones Legal Size Ring Binders,10003684
TEC-PH-10001494,Technology,Phones,Polycom CX600 IP Phone VoIP phone,10001494
TEC-AC-10004666,Technology,Accessories,Maxell iVDR EX 500GB Cartridge,10004666
OFF-ST-10003816,Office Supplies,Storage,Fellowes High-Stak Drawer Files,10003816
FUR-TA-10001520,Furniture,Tables,"Lesro Sheffield Collection Coffee Table, End Table, Center Table, Corner Table",10001520
OFF-BI-10002706,Office Supplies,Binders,Avery Premier Heavy-Duty Binder with Round Locking Rings,10002706
OFF-ST-10001558,Office Supplies,Storage,Acco Perma 4000 Stacking Storage Drawers,10001558
TEC-AC-10002473,Technology,Accessories,Maxell 4.7GB DVD-R,10002473
TEC-PH-10004531,Technology,Phones,OtterBox Commuter Series Case - iPhone 5 & 5s,10004531
OFF-AP-10004487,Office Supplies,Appliances,Kensington 4 Outlet MasterPiece Compact Power Control Center,10004487
TEC-AC-10004353,Technology,Accessories,Hypercom P1300 Pinpad,10004353
OFF-AR-10001468,Office Supplies,Art,"Sanford Prismacolor Professional Thick Lead Art Pencils, 36-Color Set",10001468
OFF-PA-10002195,Office Supplies,Paper,"RSVP Cards & Envelopes, Blank White, 8-1/2"" X 11"", 24 Cards/25 Envelopes/Set",10002195
OFF-PA-10001745,Office Supplies,Paper,"Wirebound Message Books, 2 7/8"" x 5"", 3 Forms per Page",10001745
OFF-BI-10004826,Office Supplies,Binders,JM Magazine Binder,10004826
OFF-AP-10003040,Office Supplies,Appliances,Fellowes 8 Outlet Superior Workstation Surge Protector w/o Phone/Fax/Modem Protection,10003040
OFF-PA-10000350,Office Supplies,Paper,"Message Book, Standard Line ""While You Were Out"", 5 1/2"" X 4"", 200 Sets/Book",10000350
OFF-BI-10001759,Office Supplies,Binders,"Acco Pressboard Covers with Storage Hooks, 14 7/8"" x 11"", Dark Blue",10001759
OFF-ST-10001496,Office Supplies,Storage,Standard Rollaway File with Lock,10001496
OFF-BI-10002931,Office Supplies,Binders,"Avery Trapezoid Extra Heavy Duty 4"" Binders",10002931
FUR-TA-10002356,Furniture,Tables,Bevis Boat-Shaped Conference Table,10002356
FUR-FU-10003601,Furniture,Furnishings,"Deflect-o RollaMat Studded, Beveled Mat for Medium Pile Carpeting",10003601
FUR-TA-10004154,Furniture,Tables,"Riverside Furniture Oval Coffee Table, Oval End Table, End Table with Drawer",10004154
FUR-FU-10001940,Furniture,Furnishings,Staple-based wall hangings,10001940
FUR-FU-10004188,Furniture,Furnishings,Luxo Professional Combination Clamp-On Lamps,10004188
OFF-BI-10000145,Office Supplies,Binders,Zipper Ring Binder Pockets,10000145
OFF-LA-10001613,Office Supplies,Labels,Avery File Folder Labels,10001613
OFF-PA-10001281,Office Supplies,Paper,Computer Printout Paper with Letter-Trim Fine Perforations,10001281
OFF-ST-10001097,Office Supplies,Storage,Office Impressions Heavy Duty Welded Shelving & Multimedia Storage Drawers,10001097
FUR-FU-10001095,Furniture,Furnishings,DAX Black Cherry Wood-Tone Poster Frame,10001095
OFF-BI-10002012,Office Supplies,Binders,Wilson Jones Easy Flow II Sheet Lifters,10002012
OFF-PA-10004156,Office Supplies,Paper,Xerox 188,10004156
OFF-AR-10000034,Office Supplies,Art,"BIC Brite Liner Grip Highlighters, Assorted, 5/Pack",10000034
TEC-PH-10000560,Technology,Phones,Samsung Galaxy S III - 16GB - pebble blue (T-Mobile),10000560
FUR-CH-10000665,Furniture,Chairs,"Global Airflow Leather Mesh Back Chair, Black",10000665
OFF-EN-10000461,Office Supplies,Envelopes,"#10- 4 1/8"" x 9 1/2"" Recycled Envelopes",10000461
TEC-MA-10003066,Technology,Machines,Wasp CCD Handheld Bar Code Reader,10003066
OFF-BI-10004022,Office Supplies,Binders,Acco Suede Grain Vinyl Round Ring Binder,10004022
OFF-AR-10001988,Office Supplies,Art,Bulldog Table or Wall-Mount Pencil Sharpener,10001988
OFF-PA-10003625,Office Supplies,Paper,Xerox 1979,10003625
OFF-BI-10003925,Office Supplies,Binders,Fellowes PB300 Plastic Comb Binding Machine,10003925
OFF-EN-10003862,Office Supplies,Envelopes,Laser & Ink Jet Business Envelopes,10003862
OFF-ST-10004258,Office Supplies,Storage,Portable Personal File Box,10004258
FUR-FU-10002885,Furniture,Furnishings,Magna Visual Magnetic Picture Hangers,10002885
TEC-AC-10003033,Technology,Accessories,Plantronics CS510 - Over-the-Head monaural Wireless Headset System,10003033
OFF-ST-10000046,Office Supplies,Storage,Fellowes Super Stor/Drawer Files,10000046
OFF-BI-10002049,Office Supplies,Binders,UniKeep View Case Binders,10002049
FUR-FU-10001602,Furniture,Furnishings,"Eldon Delta Triangular Chair Mat, 52"" x 58"", Clear",10001602
OFF-ST-10003722,Office Supplies,Storage,Project Tote Personal File,10003722
TEC-AC-10003198,Technology,Accessories,Enermax Acrylux Wireless Keyboard,10003198
TEC-PH-10004188,Technology,Phones,OtterBox Commuter Series Case - Samsung Galaxy S4,10004188
OFF-ST-10001526,Office Supplies,Storage,Iceberg Mobile Mega Data/Printer Cart,10001526
OFF-AR-10001166,Office Supplies,Art,Staples in misc. colors,10001166
FUR-CH-10000309,Furniture,Chairs,Global Comet Stacking Arm Chair,10000309
TEC-MA-10004212,Technology,Machines,Cisco SPA525G2 5-Line IP Phone,10004212
OFF-EN-10003072,Office Supplies,Envelopes,Peel & Seel Envelopes,10003072
OFF-BI-10000320,Office Supplies,Binders,GBC Plastic Binding Combs,10000320
OFF-PA-10003656,Office Supplies,Paper,Xerox 1935,10003656
TEC-PH-10000148,Technology,Phones,Cyber Acoustics AC-202b Speech Recognition Stereo Headset,10000148
TEC-PH-10003885,Technology,Phones,Cisco SPA508G,10003885
OFF-LA-10001175,Office Supplies,Labels,Avery 514,10001175
OFF-PA-10000955,Office Supplies,Paper,Southworth 25% Cotton Granite Paper & Envelopes,10000955
FUR-FU-10003975,Furniture,Furnishings,Eldon Advantage Chair Mats for Low to Medium Pile Carpets,10003975
OFF-BI-10003707,Office Supplies,Binders,Aluminum Screw Posts,10003707
OFF-AR-10000203,Office Supplies,Art,Newell 336,10000203
OFF-AR-10004790,Office Supplies,Art,Staples in misc. colors,10004790
TEC-AC-10004761,Technology,Accessories,Maxell 4.7GB DVD+RW 3/Pack,10004761
FUR-BO-10001811,Furniture,Bookcases,"Atlantic Metals Mobile 5-Shelf Bookcases, Custom Colors",10001811
OFF-AR-10001130,Office Supplies,Art,"Quartet Alpha White Chalk, 12/Pack",10001130
OFF-AP-10000055,Office Supplies,Appliances,Belkin F9S820V06 8 Outlet Surge,10000055
FUR-CH-10002304,Furniture,Chairs,"Global Stack Chair without Arms, Black",10002304
FUR-FU-10000293,Furniture,Furnishings,Eldon Antistatic Chair Mats for Low to Medium Pile Carpets,10000293
OFF-PA-10001307,Office Supplies,Paper,"Important Message Pads, 50 4-1/4 x 5-1/2 Forms per Pad",10001307
FUR-FU-10004460,Furniture,Furnishings,"Howard Miller 12"" Round Wall Clock",10004460
OFF-AR-10000716,Office Supplies,Art,DIXON Ticonderoga Erasable Checking Pencils,10000716
FUR-FU-10004622,Furniture,Furnishings,Eldon Advantage Foldable Chair Mats for Low Pile Carpets,10004622
OFF-BI-10003529,Office Supplies,Binders,Avery Round Ring Poly Binders,10003529
OFF-BI-10001097,Office Supplies,Binders,Avery Hole Reinforcements,10001097
OFF-BI-10001597,Office Supplies,Binders,"Wilson Jones Ledger-Size, Piano-Hinge Binder, 2"", Blue",10001597
OFF-FA-10001754,Office Supplies,Fasteners,Stockwell Gold Paper Clips,10001754
OFF-FA-10004838,Office Supplies,Fasteners,"Super Bands, 12/Pack",10004838
TEC-PH-10002115,Technology,Phones,Plantronics 81402,10002115
OFF-FA-10003059,Office Supplies,Fasteners,Assorted Color Push Pins,10003059
OFF-BI-10004330,Office Supplies,Binders,"GBC Velobind Prepunched Cover Sets, Regency Series",10004330
OFF-BI-10003727,Office Supplies,Binders,Avery Durable Slant Ring Binders With Label Holder,10003727
OFF-AR-10000255,Office Supplies,Art,Newell 328,10000255
FUR-CH-10002880,Furniture,Chairs,"Global High-Back Leather Tilter, Burgundy",10002880
OFF-PA-10003127,Office Supplies,Paper,Easy-staple paper,10003127
TEC-MA-10003979,Technology,Machines,Ativa V4110MDD Micro-Cut Shredder,10003979
OFF-LA-10000452,Office Supplies,Labels,Avery 488,10000452
TEC-PH-10001819,Technology,Phones,Innergie mMini Combo Duo USB Travel Charging Kit,10001819
OFF-AR-10002952,Office Supplies,Art,Stanley Contemporary Battery Pencil Sharpeners,10002952
TEC-PH-10000576,Technology,Phones,AT&T 1080 Corded phone,10000576
OFF-PA-10000605,Office Supplies,Paper,Xerox 1950,10000605
OFF-ST-10004340,Office Supplies,Storage,"Fellowes Mobile File Cart, Black",10004340
OFF-BI-10004001,Office Supplies,Binders,GBC Recycled VeloBinder Covers,10004001
FUR-TA-10004147,Furniture,Tables,Hon 4060 Series Tables,10004147
OFF-AR-10001545,Office Supplies,Art,Newell 326,10001545
TEC-AC-10001013,Technology,Accessories,Logitech ClearChat Comfort/USB Headset H390,10001013
OFF-PA-10001892,Office Supplies,Paper,"Rediform Wirebound ""Phone Memo"" Message Book, 11 x 5-3/4",10001892
OFF-BI-10003676,Office Supplies,Binders,"GBC Standard Recycled Report Covers, Clear Plastic Sheets",10003676
OFF-FA-10003495,Office Supplies,Fasteners,Staples,10003495
OFF-EN-10003798,Office Supplies,Envelopes,"Recycled Interoffice Envelopes with Re-Use-A-Seal Closure, 10 x 13",10003798
TEC-PH-10003589,Technology,Phones,invisibleSHIELD by ZAGG Smudge-Free Screen Protector,10003589
FUR-BO-10002206,Furniture,Bookcases,"Bush Saratoga Collection 5-Shelf Bookcase, Hanover Cherry, *Special Order",10002206
OFF-PA-10000141,Office Supplies,Paper,"Ampad Evidence Wirebond Steno Books, 6"" x 9""",10000141
TEC-PH-10001061,Technology,Phones,Apple iPhone 5C,10001061
OFF-AR-10002375,Office Supplies,Art,Newell 351,10002375
OFF-EN-10001539,Office Supplies,Envelopes,Staple envelope,10001539
FUR-TA-10004086,Furniture,Tables,KI Adjustable-Height Table,10004086
OFF-PA-10000100,Office Supplies,Paper,Xerox 1945,10000100
OFF-ST-10001476,Office Supplies,Storage,Steel Personal Filing/Posting Tote,10001476
OFF-EN-10002831,Office Supplies,Envelopes,"Tyvek  Top-Opening Peel & Seel  Envelopes, Gray",10002831
OFF-PA-10001763,Office Supplies,Paper,Xerox 1896,10001763
OFF-AR-10003394,Office Supplies,Art,Newell 332,10003394
OFF-BI-10002072,Office Supplies,Binders,Cardinal Slant-D Ring Binders,10002072
TEC-MA-10004241,Technology,Machines,Star Micronics TSP800 TSP847IIU Receipt Printer,10004241
OFF-AP-10003849,Office Supplies,Appliances,Hoover Shoulder Vac Commercial Portable Vacuum,10003849
OFF-BI-10003350,Office Supplies,Binders,Acco Expandable Hanging Binders,10003350
TEC-PH-10000307,Technology,Phones,Shocksock Galaxy S4 Armband,10000307
TEC-CO-10004202,Technology,Copiers,Brother DCP1000 Digital 3 in 1 Multifunction Machine,10004202
FUR-FU-10001852,Furniture,Furnishings,"Eldon Regeneration Recycled Desk Accessories, Smoke",10001852
OFF-AR-10003759,Office Supplies,Art,"Crayola Anti Dust Chalk, 12/Pack",10003759
OFF-ST-10004337,Office Supplies,Storage,"SAFCO Commercial Wire Shelving, 72h",10004337
FUR-TA-10001932,Furniture,Tables,"Chromcraft 48"" x 96"" Racetrack Double Pedestal Table",10001932
FUR-CH-10002126,Furniture,Chairs,Hon Deluxe Fabric Upholstered Stacking Chairs,10002126
TEC-PH-10004700,Technology,Phones,PowerGen Dual USB Car Charger,10004700
OFF-BI-10003429,Office Supplies,Binders,"Cardinal HOLDit! Binder Insert Strips,Extra Strips",10003429
FUR-FU-10004952,Furniture,Furnishings,"C-Line Cubicle Keepers Polyproplyene Holder w/Velcro Back, 8-1/2x11, 25/Bx",10004952
OFF-ST-10002352,Office Supplies,Storage,Iris Project Case,10002352
OFF-PA-10002259,Office Supplies,Paper,"Geographics Note Cards, Blank, White, 8 1/2"" x 11""",10002259
OFF-BI-10002976,Office Supplies,Binders,ACCOHIDE Binder by Acco,10002976
OFF-BI-10003694,Office Supplies,Binders,"Avery 3 1/2"" Diskette Storage Pages, 10/Pack",10003694
OFF-LA-10004425,Office Supplies,Labels,Staple-on labels,10004425
FUR-CH-10001270,Furniture,Chairs,Harbour Creations Steel Folding Chair,10001270
TEC-PH-10004539,Technology,Phones,Wireless Extenders zBoost YX545 SOHO Signal Booster,10004539
OFF-AR-10001919,Office Supplies,Art,"OIC #2 Pencils, Medium Soft",10001919
TEC-PH-10003655,Technology,Phones,Sannysis Cute Owl Design Soft Skin Case Cover for Samsung Galaxy S4,10003655
OFF-BI-10004656,Office Supplies,Binders,Peel & Stick Add-On Corner Pockets,10004656
OFF-ST-10002344,Office Supplies,Storage,"Carina 42""Hx23 3/4""W Media Storage Unit",10002344
TEC-PH-10004447,Technology,Phones,Toshiba IPT2010-SD IP Telephone,10004447
FUR-CH-10003973,Furniture,Chairs,GuestStacker Chair with Chrome Finish Legs,10003973
OFF-PA-10000682,Office Supplies,Paper,Xerox 1924,10000682
TEC-AC-10001990,Technology,Accessories,Kensington Orbit Wireless Mobile Trackball for PC and Mac,10001990
OFF-ST-10002292,Office Supplies,Storage,"Sauder Facets Collection Locker/File Cabinet, Sky Alder Finish",10002292
OFF-AR-10004999,Office Supplies,Art,Newell 315,10004999
OFF-BI-10001031,Office Supplies,Binders,Pressboard Data Binders by Wilson Jones,10001031
OFF-BI-10002432,Office Supplies,Binders,Wilson Jones Standard D-Ring Binders,10002432
FUR-FU-10001867,Furniture,Furnishings,"Eldon Expressions Punched Metal & Wood Desk Accessories, Pewter & Cherry",10001867
TEC-PH-10002200,Technology,Phones,Samsung Galaxy Note 2,10002200
TEC-PH-10000439,Technology,Phones,GE DSL Phone Line Filter,10000439
OFF-PA-10001685,Office Supplies,Paper,Easy-staple paper,10001685
OFF-ST-10001418,Office Supplies,Storage,Carina Media Storage Towers in Natural & Black,10001418
OFF-ST-10000676,Office Supplies,Storage,Fellowes Econo/Stor Drawers,10000676
OFF-AR-10001022,Office Supplies,Art,SANFORD Liquid Accent Tank-Style Highlighters,10001022
OFF-EN-10003055,Office Supplies,Envelopes,"Blue String-Tie & Button Interoffice Envelopes, 10 x 13",10003055
TEC-CO-10001046,Technology,Copiers,Canon Imageclass D680 Copier / Fax,10001046
FUR-FU-10000076,Furniture,Furnishings,24-Hour Round Wall Clock,10000076
FUR-FU-10003268,Furniture,Furnishings,Eldon Radial Chair Mat for Low to Medium Pile Carpets,10003268
FUR-FU-10003691,Furniture,Furnishings,"Eldon Image Series Desk Accessories, Ebony",10003691
OFF-AR-10003903,Office Supplies,Art,Sanford 52201 APSCO Electric Pencil Sharpener,10003903
TEC-PH-10003442,Technology,Phones,Samsung Replacement EH64AVFWE Premium Headset,10003442
OFF-BI-10004519,Office Supplies,Binders,GBC DocuBind P100 Manual Binding Machine,10004519
OFF-EN-10004955,Office Supplies,Envelopes,Fashion Color Clasp Envelopes,10004955
FUR-TA-10004619,Furniture,Tables,Hon Non-Folding Utility Tables,10004619
FUR-BO-10004467,Furniture,Bookcases,Bestar Classic Bookcase,10004467
OFF-AR-10002280,Office Supplies,Art,Staples in misc. colors,10002280
FUR-CH-10001708,Furniture,Chairs,Office Star - Contemporary Swivel Chair with Padded Adjustable Arms and Flex Back,10001708
OFF-AR-10000462,Office Supplies,Art,Sanford Pocket Accent Highlighters,10000462
TEC-PH-10004165,Technology,Phones,Mitel MiVoice 5330e IP Phone,10004165
FUR-FU-10003724,Furniture,Furnishings,Westinghouse Clip-On Gooseneck Lamps,10003724
FUR-FU-10003535,Furniture,Furnishings,Howard Miller Distant Time Traveler Alarm Clock,10003535
OFF-ST-10003716,Office Supplies,Storage,Tennsco Double-Tier Lockers,10003716
TEC-PH-10004586,Technology,Phones,Wilson SignalBoost 841262 DB PRO Amplifier Kit,10004586
OFF-BI-10004236,Office Supplies,Binders,"XtraLife ClearVue Slant-D Ring Binder, White, 3""",10004236
OFF-AR-10000422,Office Supplies,Art,Pencil and Crayon Sharpener,10000422
OFF-PA-10002870,Office Supplies,Paper,"Ampad Phone Message Book, Recycled, 400 Message Capacity, 5 ¾” x 11”",10002870
OFF-ST-10000563,Office Supplies,Storage,Fellowes Bankers Box Stor/Drawer Steel Plus,10000563
OFF-BI-10002854,Office Supplies,Binders,"Performers Binder/Pad Holder, Black",10002854
FUR-CH-10001973,Furniture,Chairs,Office Star Flex Back Scooter Chair with White Frame,10001973
TEC-AC-10000580,Technology,Accessories,Logitech G13 Programmable Gameboard with LCD Display,10000580
OFF-AR-10004022,Office Supplies,Art,Panasonic KP-380BK Classic Electric Pencil Sharpener,10004022
TEC-AC-10004209,Technology,Accessories,Memorex Froggy Flash Drive 4 GB,10004209
TEC-AC-10000023,Technology,Accessories,"Maxell 74 Minute CD-R Spindle, 50/Pack",10000023
TEC-PH-10003505,Technology,Phones,Geemarc AmpliPOWER60,10003505
OFF-LA-10000121,Office Supplies,Labels,Avery 48,10000121
OFF-BI-10002026,Office Supplies,Binders,Avery Arch Ring Binders,10002026
OFF-PA-10000994,Office Supplies,Paper,Xerox 1915,10000994
OFF-BI-10002813,Office Supplies,Binders,Avery Reinforcements for Hole-Punch Pages,10002813
OFF-AR-10004817,Office Supplies,Art,Colorific Watercolor Pencils,10004817
OFF-AR-10001860,Office Supplies,Art,BIC Liqua Brite Liner,10001860
OFF-BI-10004970,Office Supplies,Binders,"ACCOHIDE 3-Ring Binder, Blue, 1""",10004970
OFF-PA-10002968,Office Supplies,Paper,Xerox 1973,10002968
OFF-LA-10000134,Office Supplies,Labels,Avery 511,10000134
FUR-BO-10003433,Furniture,Bookcases,Sauder Cornerstone Collection Library,10003433
FUR-FU-10002554,Furniture,Furnishings,"Westinghouse Floor Lamp with Metal Mesh Shade, Black",10002554
TEC-PH-10003437,Technology,Phones,Blue Parrot B250XT Professional Grade Wireless Bluetooth Headset with,10003437
OFF-AP-10003971,Office Supplies,Appliances,Belkin 6 Outlet Metallic Surge Strip,10003971
OFF-LA-10001404,Office Supplies,Labels,Avery 517,10001404
OFF-LA-10001474,Office Supplies,Labels,Avery 477,10001474
FUR-FU-10004960,Furniture,Furnishings,"Seth Thomas 12"" Clock w/ Goldtone Case",10004960
TEC-AC-10003116,Technology,Accessories,Memorex Froggy Flash Drive 8 GB,10003116
OFF-AP-10004859,Office Supplies,Appliances,Acco 6 Outlet Guardian Premium Surge Suppressor,10004859
OFF-PA-10002659,Office Supplies,Paper,Avoid Verbal Orders Carbonless Minifold Book,10002659
OFF-AR-10002818,Office Supplies,Art,Panasonic KP-310 Heavy-Duty Electric Pencil Sharpener,10002818
OFF-AP-10001303,Office Supplies,Appliances,"Holmes Cool Mist Humidifier for the Whole House with 8-Gallon Output per Day, Extended Life Filter",10001303
OFF-ST-10002574,Office Supplies,Storage,"SAFCO Commercial Wire Shelving, Black",10002574
FUR-FU-10004018,Furniture,Furnishings,Tensor Computer Mounted Lamp,10004018
TEC-PH-10002549,Technology,Phones,Polycom SoundPoint IP 450 VoIP phone,10002549
OFF-PA-10004911,Office Supplies,Paper,"Rediform S.O.S. 1-Up Phone Message Bk, 4-1/4x3-1/16 Bk, 1 Form/Pg, 40 Messages/Bk, 3/Pk",10004911
TEC-MA-10002178,Technology,Machines,Cisco CP-7937G Unified IP Conference Station Phone,10002178
OFF-AR-10000411,Office Supplies,Art,Boston 16701 Slimline Battery Pencil Sharpener,10000411
OFF-LA-10000262,Office Supplies,Labels,Avery 494,10000262
OFF-PA-10000466,Office Supplies,Paper,"Memo Book, 100 Message Capacity, 5 3/8” x 11”",10000466
OFF-AR-10003829,Office Supplies,Art,Newell 35,10003829
OFF-BI-10001758,Office Supplies,Binders,Wilson Jones 14 Line Acrylic Coated Pressboard Data Binders,10001758
OFF-BI-10000136,Office Supplies,Binders,Avery Non-Stick Heavy Duty View Round Locking Ring Binders,10000136
OFF-PA-10003641,Office Supplies,Paper,Xerox 1909,10003641
FUR-CH-10002961,Furniture,Chairs,"Leather Task Chair, Black",10002961
TEC-PH-10001336,Technology,Phones,Digium D40 VoIP phone,10001336
TEC-MA-10003183,Technology,Machines,DYMO CardScan Personal V9 Business Card Scanner,10003183
TEC-AC-10001314,Technology,Accessories,Case Logic 2.4GHz Wireless Keyboard,10001314
TEC-AC-10004510,Technology,Accessories,Logitech Desktop MK120 Mouse and keyboard Combo,10004510
OFF-BI-10000042,Office Supplies,Binders,"Pressboard Data Binder, Crimson, 12"" X 8 1/2""",10000042
FUR-TA-10003008,Furniture,Tables,"Lesro Round Back Collection Coffee Table, End Table",10003008
OFF-AP-10003590,Office Supplies,Appliances,Hoover WindTunnel Plus Canister Vacuum,10003590
OFF-AR-10000896,Office Supplies,Art,Newell 329,10000896
TEC-PH-10002310,Technology,Phones,Panasonic KX T7731-B Digital phone,10002310
OFF-ST-10002289,Office Supplies,Storage,"Safco Wire Cube Shelving System, For Use as 4 or 5 14"" Cubes, Black",10002289
OFF-PA-10001289,Office Supplies,Paper,White Computer Printout Paper by Universal,10001289
OFF-FA-10000053,Office Supplies,Fasteners,Revere Boxed Rubber Bands by Revere,10000053
OFF-EN-10003001,Office Supplies,Envelopes,Ames Color-File Green Diamond Border X-ray Mailers,10003001
FUR-TA-10002958,Furniture,Tables,"Bevis Oval Conference Table, Walnut",10002958
FUR-TA-10001676,Furniture,Tables,Hon 61000 Series Interactive Training Tables,10001676
OFF-BI-10000822,Office Supplies,Binders,"Acco PRESSTEX Data Binder with Storage Hooks, Light Blue, 9 1/2"" X 11""",10000822
FUR-TA-10002622,Furniture,Tables,"Bush Andora Conference Table, Maple/Graphite Gray Finish",10002622
OFF-PA-10000418,Office Supplies,Paper,Xerox 189,10000418
FUR-TA-10001039,Furniture,Tables,KI Adjustable-Height Table,10001039
OFF-AR-10002240,Office Supplies,Art,Panasonic KP-150 Electric Pencil Sharpener,10002240
OFF-BI-10002867,Office Supplies,Binders,GBC Recycled Regency Composition Covers,10002867
FUR-FU-10003976,Furniture,Furnishings,"DAX Executive Solid Wood Document Frame, Desktop or Hang, Mahogany, 5 x 7",10003976
TEC-PH-10002922,Technology,Phones,ShoreTel ShorePhone IP 230 VoIP phone,10002922
OFF-PA-10000501,Office Supplies,Paper,Petty Cash Envelope,10000501
OFF-AP-10004980,Office Supplies,Appliances,3M Replacement Filter for Office Air Cleaner for 20' x 33' Room,10004980
TEC-PH-10001750,Technology,Phones,Samsung Rugby III,10001750
OFF-BI-10003708,Office Supplies,Binders,"Acco Four Pocket Poly Ring Binder with Label Holder, Smoke, 1""",10003708
OFF-BI-10001191,Office Supplies,Binders,Canvas Sectional Post Binders,10001191
OFF-PA-10003673,Office Supplies,Paper,Strathmore Photo Mount Cards,10003673
OFF-BI-10004364,Office Supplies,Binders,Storex Dura Pro Binders,10004364
FUR-CH-10004289,Furniture,Chairs,Global Super Steno Chair,10004289
OFF-BI-10004876,Office Supplies,Binders,Wilson Jones Suede Grain Vinyl Binders,10004876
TEC-PH-10004348,Technology,Phones,OtterBox Defender Series Case - iPhone 5c,10004348
OFF-BI-10004352,Office Supplies,Binders,Wilson Jones DublLock D-Ring Binders,10004352
OFF-BI-10000666,Office Supplies,Binders,Surelock Post Binders,10000666
TEC-MA-10000010,Technology,Machines,Hewlett-Packard Deskjet 3050a All-in-One Color Inkjet Printer,10000010
OFF-BI-10000977,Office Supplies,Binders,Ibico Plastic Spiral Binding Combs,10000977
FUR-TA-10002530,Furniture,Tables,"Iceberg OfficeWorks 42"" Round Tables",10002530
FUR-FU-10001473,Furniture,Furnishings,DAX Wood Document Frame,10001473
OFF-BI-10001765,Office Supplies,Binders,Wilson Jones Heavy-Duty Casebound Ring Binders with Metal Hinges,10001765
FUR-CH-10000847,Furniture,Chairs,Global Executive Mid-Back Manager's Chair,10000847
OFF-AR-10000634,Office Supplies,Art,Newell 320,10000634
FUR-FU-10004270,Furniture,Furnishings,"Eldon Image Series Desk Accessories, Burgundy",10004270
OFF-AR-10003770,Office Supplies,Art,Newell 340,10003770
OFF-LA-10003121,Office Supplies,Labels,Avery 506,10003121
OFF-PA-10002464,Office Supplies,Paper,HP Office Recycled Paper (20Lb. and 87 Bright),10002464
OFF-ST-10002214,Office Supplies,Storage,X-Rack File for Hanging Folders,10002214
OFF-PA-10000130,Office Supplies,Paper,Xerox 199,10000130
TEC-AC-10000865,Technology,Accessories,WD My Passport Ultra 500GB Portable External Hard Drive,10000865
TEC-PH-10003580,Technology,Phones,Cisco IP Phone 7961G-GE VoIP phone,10003580
TEC-AC-10001109,Technology,Accessories,Logitech Trackman Marble Mouse,10001109
OFF-ST-10004950,Office Supplies,Storage,Acco Perma 3000 Stacking Storage Drawers,10004950
OFF-PA-10003823,Office Supplies,Paper,Xerox 197,10003823
TEC-PH-10001300,Technology,Phones,"iKross Bluetooth Portable Keyboard + Cell Phone Stand Holder + Brush for Apple iPhone 5S 5C 5, 4S 4",10001300
FUR-TA-10003715,Furniture,Tables,Hon 2111 Invitation Series Corner Table,10003715
TEC-MA-10004458,Technology,Machines,Lexmark X 9575 Professional All-in-One Color Printer,10004458
OFF-BI-10004965,Office Supplies,Binders,Ibico Covers for Plastic or Wire Binding Elements,10004965
OFF-AR-10002221,Office Supplies,Art,12 Colored Short Pencils,10002221
OFF-FA-10004968,Office Supplies,Fasteners,Rubber Band Ball,10004968
OFF-PA-10001125,Office Supplies,Paper,Xerox 1988,10001125
OFF-ST-10000344,Office Supplies,Storage,"Neat Ideas Personal Hanging Folder Files, Black",10000344
OFF-ST-10003324,Office Supplies,Storage,Belkin OmniView SE Rackmount Kit,10003324
OFF-ST-10000419,Office Supplies,Storage,"Rogers Jumbo File, Granite",10000419
OFF-AP-10001626,Office Supplies,Appliances,"Commercial WindTunnel Clean Air Upright Vacuum, Replacement Belts, Filtration Bags",10001626
FUR-FU-10003981,Furniture,Furnishings,Eldon Wave Desk Accessories,10003981
OFF-FA-10001561,Office Supplies,Fasteners,Stockwell Push Pins,10001561
OFF-ST-10001291,Office Supplies,Storage,"Tenex Personal Self-Stacking Standard File Box, Black/Gray",10001291
OFF-AP-10004868,Office Supplies,Appliances,Hoover Commercial Soft Guard Upright Vacuum And Disposable Filtration Bags,10004868
OFF-PA-10000806,Office Supplies,Paper,Xerox 1934,10000806
OFF-AR-10001955,Office Supplies,Art,Newell 319,10001955
OFF-LA-10001641,Office Supplies,Labels,Avery 518,10001641
OFF-ST-10001370,Office Supplies,Storage,Sensible Storage WireTech Storage Systems,10001370
TEC-AC-10003038,Technology,Accessories,Kingston Digital DataTraveler 16GB USB 2.0,10003038
OFF-BI-10000088,Office Supplies,Binders,GBC Imprintable Covers,10000088
OFF-AR-10003504,Office Supplies,Art,Newell 347,10003504
OFF-EN-10003160,Office Supplies,Envelopes,Pastel Pink Envelopes,10003160
TEC-PH-10000169,Technology,Phones,ARKON Windshield Dashboard Air Vent Car Mount Holder,10000169
OFF-PA-10001526,Office Supplies,Paper,Xerox 1949,10001526
OFF-AP-10004336,Office Supplies,Appliances,"Conquest 14 Commercial Heavy-Duty Upright Vacuum, Collection System, Accessory Kit",10004336
OFF-FA-10000992,Office Supplies,Fasteners,"Acco Clips to Go Binder Clips, 24 Clips in Two Sizes",10000992
OFF-AR-10001221,Office Supplies,Art,"Dixon Ticonderoga Erasable Colored Pencil Set, 12-Color",10001221
TEC-PH-10004830,Technology,Phones,Pyle PRT45 Retro Home Telephone,10004830
OFF-PA-10004519,Office Supplies,Paper,Spiral Phone Message Books with Labels by Adams,10004519
FUR-BO-10000362,Furniture,Bookcases,Sauder Inglewood Library Bookcases,10000362
FUR-CH-10004540,Furniture,Chairs,Global Chrome Stack Chair,10004540
OFF-PA-10000308,Office Supplies,Paper,Xerox 1901,10000308
OFF-AR-10001044,Office Supplies,Art,"BOSTON Ranger #55 Pencil Sharpener, Black",10001044
OFF-AR-10000823,Office Supplies,Art,Newell 307,10000823
OFF-AR-10004456,Office Supplies,Art,Panasonic KP-4ABK Battery-Operated Pencil Sharpener,10004456
OFF-BI-10000591,Office Supplies,Binders,Avery Binder Labels,10000591
OFF-AR-10001915,Office Supplies,Art,Peel-Off China Markers,10001915
OFF-ST-10000352,Office Supplies,Storage,Acco Perma 2700 Stacking Storage Drawers,10000352
OFF-PA-10000575,Office Supplies,Paper,"Wirebound Message Books, Four 2 3/4 x 5 White Forms per Page",10000575
FUR-FU-10002937,Furniture,Furnishings,"GE 48"" Fluorescent Tube, Cool White Energy Saver, 34 Watts, 30/Box",10002937
TEC-AC-10003063,Technology,Accessories,Micro Innovations USB RF Wireless Keyboard with Mouse,10003063
FUR-FU-10004415,Furniture,Furnishings,"Stacking Tray, Side-Loading, Legal, Smoke",10004415
OFF-ST-10002011,Office Supplies,Storage,Smead Adjustable Mobile File Trolley with Lockable Top,10002011
OFF-ST-10000649,Office Supplies,Storage,Hanging Personal Folder File,10000649
TEC-PH-10000038,Technology,Phones,Jawbone MINI JAMBOX Wireless Bluetooth Speaker,10000038
TEC-CO-10001766,Technology,Copiers,Canon PC940 Copier,10001766
OFF-PA-10004359,Office Supplies,Paper,Multicolor Computer Printout Paper,10004359
